Ticket,Sector,Industry,Fecha Señal,Fecha Fill,$ Entrada,TP1,TP2,$ Stop Loss,Fecha Cierre,$ Cierre,% Gan/Per,Estado,5m Dis Ema 20,5m Dis Ema 200,5m Dif,1h Dis Ema 20,1h Dis Ema 200,1h Dif,1D Dis Ema 20,1D Dis Ema 200,1D Dif,Hessian Clase,F_XX,F_YY,Det(h),Curvatura,Hessian Señal,Markov Score,Markov Estado / Signal,Absorcion,Estacionaria,Nash,Composite,R/R,Fase,Nash Esquilibrium,Prob,Upside,20D,EZ Calidad,Roe,Roa,Eps,Analysis Calidad,Riesgo/deuda,Tendencia,Estabilidad,Eariness,Lp Score,Laplace Señal
CF,Basic Materials,Agricultural Inputs,17/07/2026,20/07/2026,120.16,124.35,128.54,113.88,23/07/2026,128.54,0.0697,WIN,,,,0.24,-6.07,-5.83,-5.37,-15.57,-10.2,Saddle,0.0906,-0.2732,-0.0277,0.298,Esperar,73.08,Strong/Strong Buy,1,B:11% N:16% Bu:24% S:48%,0.88,100,1.5:1,Señal máxima,133.85,0.95,0.192,0.201,EXCELENTE,15,11.3,97.1,Alta,Mod,Bullish,Unstable,Tardio (35),45,avoid
INCY,Healthcare,Biotechnology,17/07/2026,20/07/2026,116.19,119.74,123.29,110.86,28/07/2026,123.29,0.0611,WIN,,,,0.34,-5.35,-5.01,-2.98,-18.51,-15.53,Saddle,0.0376,-0.7152,-0.0281,0.7178,Esperar,76.15,Bullish/Strong Buy,0.922,B:6% N:12% Bu:22% S:60%,0.94,90,1.5:1,Acumulación,123.16,0.95,0.092,0.178,EXCELENTE,36.7,13.9,91.7,Alta,Mod,Bullish,Unstable,Maduro (50),45,avoid
EFAV,ETF,Exchange Traded Fund,17/07/2026,20/07/2026,90.82,91.58,92.34,89.68,28/07/2026,92.34,0.0167,WIN,,,,-0.24,-1.37,-1.13,-1.41,-3.99,-2.58,Flat,0.0179,-0.0364,-0.0007,0.0405,Neutral,70.21,Strong/Strong Buy,1,B:14% N:18% Bu:25% S:42%,0.78,15,1.5:1,Señal máxima,95.3,0.7375,0.076,0.037,DÉBIL,ETF,,,,,Bullish,Unstable,Temprano (100),45,avoid
CF,Basic Materials,Agricultural Inputs,20/07/2026,21/07/2026,122.3,126.52,130.74,115.97,04/08/2026,115.96,-0.0518,LOSS,,,,0.15,-7.29,-7.14,-6.8,-17.53,-10.73,Saddle,0.0828,-0.2111,-0.0221,0.2462,Esperar,67.64,Bullish/Strong Buy,0.859,B:11% N:16% Bu:24% S:48%,0.88,100,1.5:1,Acumulación,131.94,0.95,0.135,0.187,EXCELENTE,15,11.3,97.1,Alta,Mod,Bullish,Unstable,Maduro (40),45,avoid
HXL,Industrials,Aerospace & Defense,20/07/2026,29/07/2026,104.79,107.91,111.03,100.11,30/07/2026,100.11,-0.0447,LOSS,,,,3.56,-2.49,1.07,-0.66,-19.17,-18.51,Saddle,-0.0172,0.2517,-0.0043,0.2523,Esperar,79.31,Strong/Strong Buy,1,B:6% N:12% Bu:22% S:60%,0.91,56,1.5:1,Señal activa,112.23,0.9105,0.117,0.055,REGULAR,-13,5,28.7,Alta,Bajo,Bullish,Oscillating,Temprano (75),65,buy
LVHI,ETF,Exchange Traded Fund,20/07/2026,,41.53,41.84,42.15,41.06,29/07/2026,,,SIN FILL,,,,,,,,,,,,,,,,,,,,,,,,,,,,,,,,,,,,,,
EFAV,ETF,Exchange Traded Fund,20/07/2026,21/07/2026,90.4,91.14,91.88,89.29,28/07/2026,91.88,0.0164,WIN,,,,0.26,-0.86,-0.6,-0.87,-3.53,-2.66,Saddle,0.0194,-0.1726,-0.0034,0.1738,Esperar,63.55,Bullish/Strong Buy,0.824,B:14% N:18% Bu:25% S:42%,0.78,15,1.5:1,Acumulación,94.47,0.6875,0.024,0.041,DÉBIL,ETF,,,,,Bullish,Unstable,Temprano (100),45,avoid
RELY,Technology,Software - Infrastructure,21/07/2026,22/07/2026,23.56,24.46,25.36,22.21,06/08/2026,25.36,0.0764,WIN,,,,0.4,-0.75,-0.35,-0.32,-4.62,-4.3,Local Min,0.045,0.0773,0.0028,0.0963,Comprar,76.6,Strong/Strong Buy,1,B:8% N:14% Bu:23% S:55%,0.91,61,1.5:1,Acumulación,24.3,0.8358,0.083,0.133,REGULAR,-5.5,6.6,332.1,Alta,Bajo,Bullish,Oscillating,Temprano (75),65,buy
NBIX,Healthcare,Drug Manufacturers - Specialty & Generic,21/07/2026,22/07/2026,177.63,182.35,187.07,170.55,23/07/2026,170.54,-0.0399,LOSS,,,,-2.09,-8.73,-6.64,-6.07,-31.08,-25.01,Saddle,0.0091,-0.3016,-0.0037,0.3049,Esperar,79.31,Strong/Strong Buy,1,B:6% N:12% Bu:22% S:60%,0.94,79,1.5:1,Señal máxima,184.44,0.9438,0.142,0.07,BUENO,28.8,11.6,24.1,Alta,Bajo,Bullish,Unstable,Temprano (85),45,avoid
LVHI,ETF,Exchange Traded Fund,21/07/2026,23/07/2026,41.96,42.28,42.6,41.48,29/07/2026,42.6,0.0153,WIN,,,,0.18,-0.69,-0.51,-0.83,-3.95,-3.12,Local Min,0.0123,0.1398,0.0012,0.144,Comprar,63.55,Bullish/Strong Buy,0.824,B:14% N:18% Bu:25% S:42%,0.6,25,1.5:1,Acumulación,44.09,0.7675,0.055,0.042,DÉBIL,ETF,,,,,Bullish,Unstable,Temprano (75),45,avoid
DFSV,ETF,Exchange Traded Fund,21/07/2026,22/07/2026,39.41,39.89,40.37,38.69,04/08/2026,40.37,0.0244,WIN,,,,0.05,-0.69,-0.64,-0.61,-4.09,-3.48,Saddle,0.0048,-0.2377,-0.0012,0.238,Esperar,63.55,Bullish/Strong Buy,0.824,B:14% N:18% Bu:25% S:42%,0.78,25,1.5:1,Acumulación,41.33,0.7534,0.067,0.041,DÉBIL,ETF,,,,,Bullish,Unstable,Temprano (90),45,avoid
AVUV,ETF,Exchange Traded Fund,21/07/2026,22/07/2026,125.6,127.12,128.64,123.32,10/09/2026,123.31,-0.0182,LOSS,,,,0.1,-1.93,-1.83,-1.79,-13.92,-12.13,Flat,0.0012,-0.0902,-0.0001,0.0904,Neutral,63.55,Bullish/Strong Buy,0.824,B:14% N:18% Bu:25% S:42%,0.73,25,1.5:1,Acumulación,131.01,0.7393,0.066,0.029,DÉBIL,ETF,,,,,Bullish,Unstable,Temprano (90),45,avoid
NBIX,Healthcare,Drug Manufacturers - Specialty & Generic,22/07/2026,23/07/2026,171.18,176.22,181.26,163.62,28/07/2026,181.26,0.0589,WIN,,,,3.83,-1.88,1.95,0.63,-24.35,-23.72,Local Max,-0.0046,-0.3703,0.0012,0.3717,Evitar,76.6,Strong/Strong Buy,1,B:8% N:14% Bu:23% S:55%,0.91,79,1.5:1,Señal máxima,185.95,0.9428,0.141,0.049,BUENO,28.4,11.6,24.1,Alta,Bajo,Bullish,Unstable,Temprano (90),45,avoid
HXL,Industrials,Aerospace & Defense,22/07/2026,29/07/2026,105.66,108.85,112.04,100.88,30/07/2026,100.88,-0.0452,LOSS,,,,3.03,-3.39,-0.36,-1.53,-20.04,-18.51,Saddle,-0.0172,0.2517,-0.0043,0.2523,Esperar,79.31,Strong/Strong Buy,1,B:6% N:12% Bu:22% S:60%,0.91,56,1.5:1,Señal activa,112.23,0.9105,0.117,0.055,REGULAR,-13,5,28.7,Alta,Bajo,Bullish,Oscillating,Temprano (75),65,buy
NVDA,Technology,Semiconductors,22/07/2026,23/07/2026,209.85,217.2,224.55,198.82,27/07/2026,198.81,-0.0526,LOSS,,,,-0.79,-4.59,-3.8,-4.32,-19.07,-14.75,Saddle,0.03,-0.2332,-0.0081,0.2397,Esperar,63.55,Bullish/Strong Buy,0.824,B:14% N:18% Bu:25% S:42%,0.89,85,1.5:1,Acumulación,221.49,0.95,0.104,0.049,EXCELENTE,94.5,52.7,210.6,Alta,Mod,Bullish,Unstable,Temprano (100),45,avoid
XLE,ETF,Exchange Traded Fund,23/07/2026,27/07/2026,59.05,60.15,61.25,57.4,28/07/2026,57.4,-0.0279,LOSS,,,,0.36,-2.3,-1.94,-2.29,-6.68,-4.39,Flat,0.0301,0.0349,0.0006,0.055,Neutral,73.08,Strong/Strong Buy,1,B:11% N:16% Bu:24% S:48%,0.85,15,1.5:1,Señal máxima,61.39,0.7875,0.11,0.079,DÉBIL,ETF,,,,,Bullish,Unstable,Temprano (75),45,avoid
VCTR,Financial,Asset Management,23/07/2026,24/07/2026,95.61,98.55,101.49,91.2,03/08/2026,101.49,0.0615,WIN,,,,1.12,-3.88,-2.76,-2.41,-19.97,-17.56,Local Min,0.0564,0.5,0.0222,0.5151,Comprar,67.64,Bullish/Strong Buy,0.859,B:11% N:16% Bu:24% S:48%,0.94,90,1.5:1,Acumulación,103.58,0.95,0.091,0.184,EXCELENTE,-1.7,12.2,80.9,Alta,Bajo,Bullish,Oscillating,Tardio (35),65,buy
NBIX,Healthcare,Drug Manufacturers - Specialty & Generic,23/07/2026,31/07/2026,172.64,177.67,182.7,165.09,31/07/2026,165.1,-0.0437,LOSS,,,,6.86,-0.17,6.69,1.87,-24,-22.13,Saddle,-0.0231,0.1306,-0.0036,0.1367,Esperar,52.3,Neutral/Buy,0.493,B:13% N:18% Bu:24% S:44%,0.67,90,1.5:1,Espera,173.54,0.95,0.114,-0.043,EXCELENTE,27.5,10.9,34.3,Alta,Mod,Bearish,Damped,Temprano (90),45,avoid
GD,Industrials,Aerospace & Defense,23/07/2026,30/07/2026,379.29,387.62,395.95,366.8,10/08/2026,395.94,0.0439,WIN,,,,7.77,-8.83,-1.06,-4.73,-36.68,-31.95,Local Max,-0.0044,-0.488,0.0021,0.4881,Evitar,67.64,Bullish/Strong Buy,0.859,B:11% N:16% Bu:24% S:48%,0.94,75,1.5:1,Acumulación,404.48,0.892,0.069,0.058,BUENO,-3.9,6.1,14.4,Alta,Mod,Bullish,Unstable,Temprano (75),45,avoid
XLE,ETF,Exchange Traded Fund,24/07/2026,27/07/2026,59.29,60.39,61.49,57.64,28/07/2026,57.64,-0.0278,LOSS,,,,0.12,-2.54,-2.42,-2.53,-6.92,-4.39,Flat,0.0301,0.0349,0.0006,0.055,Neutral,73.08,Strong/Strong Buy,1,B:11% N:16% Bu:24% S:48%,0.85,15,1.5:1,Señal máxima,61.39,0.7875,0.11,0.079,DÉBIL,ETF,,,,,Bullish,Unstable,Temprano (75),45,avoid
SEIC,Financial,Asset Management,24/07/2026,,98.43,101.06,103.69,94.49,04/08/2026,,,SIN FILL,,,,,,,,,,,,,,,,,,,,,,,,,,,,,,,,,,,,,,
EMR,Industrials,Specialty Industrial Machinery,24/07/2026,27/07/2026,146.67,150.89,155.11,140.34,04/08/2026,155.1,0.0575,WIN,,,,-0.94,-5.75,-4.81,-5.67,-9.59,-3.92,Flat,-0.0035,0.0232,-0.0001,0.0235,Neutral,63.55,Bullish/Strong Buy,0.824,B:14% N:18% Bu:25% S:42%,0.79,66,1.5:1,Espera,157.54,0.8644,0.054,0.027,BUENO,-9.1,6.7,27.4,Alta,Bajo,Bullish,Unstable,Temprano (90),45,avoid
HDV,ETF,Exchange Traded Fund,24/07/2026,27/07/2026,28.64,28.99,29.34,28.12,28/07/2026,29.34,0.0244,WIN,,,,-0.07,-0.74,-0.67,-0.76,-2.68,-1.92,Saddle,0.0105,-0.3364,-0.0035,0.3365,Esperar,68.61,Bullish/Strong Buy,0.867,B:11% N:16% Bu:24% S:49%,0.6,15,1.5:1,Acumulación,29.98,0.6875,0.038,0.047,DÉBIL,ETF,,,,,Bullish,Unstable,Temprano (75),45,avoid
OVV,Energy,Oil & Gas E&P,27/07/2026,28/07/2026,59.57,61.28,62.99,57.01,29/07/2026,62.99,0.0574,WIN,,,,1.57,-2.2,-0.63,-1.94,-8.91,-6.97,Local Min,0.0377,0.1914,0.0063,0.1995,Comprar,76.15,Bullish/Strong Buy,0.922,B:6% N:12% Bu:22% S:60%,0.94,66,1.5:1,Acumulación,63.04,0.8905,0.093,0.112,BUENO,-7.4,8.6,48.5,Alta,Bajo,Bullish,Oscillating,Fresco (65),65,buy
XLE,ETF,Exchange Traded Fund,27/07/2026,28/07/2026,58.03,59.13,60.23,56.38,11/08/2026,60.23,0.0379,WIN,,,,0.86,-1.14,-0.28,-1.23,-5.61,-4.38,Saddle,0.0284,-0.0947,-0.0037,0.1089,Esperar,71.54,Bullish/Strong Buy,0.89,B:9% N:14% Bu:24% S:53%,0.85,15,1.5:1,Acumulación,60.02,0.7375,0.06,0.075,DÉBIL,ETF,,,,,Neutral,Oscillating,Temprano (95),45,avoid
SCHD,ETF,Exchange Traded Fund,27/07/2026,30/07/2026,33.32,33.7,34.08,32.75,13/08/2026,34.08,0.0228,WIN,,,,0.4,-0.57,-0.17,-0.66,-3.33,-2.67,Local Min,0.0141,0.1337,0.0019,0.1346,Comprar,68.61,Bullish/Strong Buy,0.867,B:11% N:16% Bu:24% S:49%,0.78,15,1.5:1,Acumulación,34.85,0.6875,0.037,0.049,DÉBIL,ETF,,,,,Bullish,Unstable,Temprano (90),45,avoid
FDL,ETF,Exchange Traded Fund,27/07/2026,30/07/2026,51.53,52.22,52.91,50.5,31/07/2026,50.5,-0.02,LOSS,,,,0.69,-0.87,-0.18,-1.17,-4.5,-3.33,Saddle,0.0158,-0.186,-0.003,0.1872,Esperar,76.15,Bullish/Strong Buy,0.922,B:6% N:12% Bu:22% S:60%,0.85,15,1.5:1,Acumulación,53.57,0.6875,0.043,0.052,DÉBIL,ETF,,,,,Bullish,Unstable,Temprano (85),45,avoid
EOG,Energy,Oil & Gas E&P,28/07/2026,05/08/2026,138.51,142.29,146.07,132.84,17/08/2026,146.07,0.0546,WIN,3.88,5.94,-2.06,5.48,1.92,3.56,2.32,-10.81,-8.49,Flat,0.001,-0.1084,-0.0001,0.1085,Neutral,46.36,Neutral/Buy,0.424,B:18% N:20% Bu:25% S:38%,0.61,91,1.5:1,Espera,140.15,0.95,0.133,-0.017,EXCELENTE,1.3,9,35.3,Alta,Mod,Bearish,Unstable,Temprano (80),5,avoid
STLD,Basic Materials,Steel,28/07/2026,29/07/2026,257.23,265.59,273.95,244.69,03/08/2026,244.68,-0.0488,LOSS,,,,-4.75,-16.38,-11.63,-15.85,-54.53,-38.68,Saddle,0.0549,-0.5753,-0.0351,0.5839,Esperar,75.88,Strong/Strong Buy,1,B:9% N:14% Bu:24% S:53%,0.94,81,1.5:1,Señal máxima,271.01,0.95,0.16,0.1,EXCELENTE,5,7.9,78.8,Alta,Mod,Bullish,Oscillating,Fresco (65),65,buy
GWW,Industrials,Industrial Distribution,28/07/2026,29/07/2026,1389.75,1420.26,1450.77,1343.98,30/07/2026,1344.03,-0.0329,LOSS,,,,-3.1,-34.7,-31.6,-24.28,-216.3,-192.02,Local Max,-0.023,-0.4954,0.0106,0.4976,Evitar,60.46,Bullish/Strong Buy,0.795,B:17% N:20% Bu:25% S:39%,0.8,79,1.5:1,Acumulación,1402.66,0.8395,0.037,-0.001,BUENO,24.7,19.5,15.9,Alta,Mod,Neutral,Oscillating,Temprano (100),45,avoid
BRK/B,Financial,Insurance - Diversified,28/07/2026,29/07/2026,510.24,517.33,524.42,499.61,06/08/2026,524.42,0.0278,WIN,,,,-7.37,-16.42,-9.05,-13.87,-21.93,-8.06,Flat,-0.0111,-0.0677,0.0007,0.0698,Neutral,70.21,Strong/Strong Buy,1,B:14% N:18% Bu:25% S:42%,0.89,71,1.5:1,Señal máxima,548.16,0.95,0.126,0.018,BUENO,-12.9,5.4,119.6,Alta,Bajo,Bullish,Unstable,Temprano (90),45,avoid
SNA,Industrials,Tools & Accessories,28/07/2026,29/07/2026,416.5,425.87,435.24,402.44,13/08/2026,402.42,-0.0338,LOSS,,,,-4.54,-15.24,-10.7,-14.02,-50.64,-36.62,Local Max,-0.0157,-0.2852,0.0044,0.2859,Evitar,67.64,Bullish/Strong Buy,0.859,B:11% N:16% Bu:24% S:48%,0.89,69,1.5:1,Acumulación,439.27,0.8631,0.067,0.031,BUENO,-3.5,9.8,4.1,Aceptable,Bajo,Bullish,Oscillating,Temprano (90),65,buy
UGI,Utilities,Utilities - Regulated Gas,28/07/2026,29/07/2026,36.73,37.43,38.13,35.68,31/07/2026,35.68,-0.0286,LOSS,,,,0.32,-0.66,-0.34,-0.8,-2.01,-1.21,Flat,0.0053,-0.0858,-0.0006,0.0874,Neutral,79.31,Strong/Strong Buy,1,B:6% N:12% Bu:22% S:60%,0.91,61,1.5:1,Señal activa,39.48,0.9094,0.145,0.063,REGULAR,4,4.6,8.6,Débil,Mod,Bullish,Oscillating,Temprano (85),65,buy
SPYD,ETF,Exchange Traded Fund,28/07/2026,29/07/2026,50.37,50.95,51.53,49.5,30/07/2026,49.5,-0.0173,LOSS,,,,-0.03,-1.45,-1.42,-1.76,-5.33,-3.57,Saddle,0.0082,-0.4579,-0.0038,0.458,Esperar,76.6,Strong/Strong Buy,1,B:8% N:14% Bu:23% S:55%,0.71,15,1.5:1,Señal máxima,53.06,0.7375,0.086,0.057,DÉBIL,ETF,,,,,Bullish,Unstable,Fresco (60),45,avoid
STLD,Basic Materials,Steel,29/07/2026,30/07/2026,249.7,258.51,267.32,236.48,05/08/2026,267.33,0.0706,WIN,,,,3.34,-7.99,-4.65,-7.32,-46.51,-39.19,Saddle,0.0812,-0.5949,-0.0543,0.6103,Esperar,71.54,Bullish/Strong Buy,0.89,B:9% N:14% Bu:24% S:53%,0.94,81,1.5:1,Acumulación,268.4,0.95,0.103,0.139,EXCELENTE,4,7.9,78.8,Alta,Mod,Bullish,Unstable,Fresco (55),45,avoid
BRK/B,Financial,Insurance - Diversified,29/07/2026,30/07/2026,507.05,514.07,521.09,496.52,06/08/2026,521.1,0.0277,WIN,,,,-1.43,-12.23,-10.8,-9.41,-18.52,-9.11,Flat,-0.0096,-0.0749,0.0007,0.0763,Neutral,63.55,Bullish/Strong Buy,0.824,B:14% N:18% Bu:25% S:42%,0.91,71,1.5:1,Acumulación,543.42,0.9025,0.073,0.02,BUENO,-13,5.4,119.6,Alta,Bajo,Bullish,Oscillating,Temprano (90),65,buy
NUE,Basic Materials,Steel,29/07/2026,30/07/2026,253.47,261.98,270.49,240.7,04/08/2026,270.48,0.0671,WIN,,,,2.28,-13.53,-11.25,-11.25,-55.19,-43.94,Saddle,0.0806,-0.2212,-0.0201,0.2449,Esperar,67.64,Bullish/Strong Buy,0.859,B:11% N:16% Bu:24% S:48%,0.94,71,1.5:1,Acumulación,274.11,0.9055,0.099,0.174,BUENO,1,7.3,91.7,Alta,Bajo,Bullish,Unstable,Tardio (25),45,avoid
UGI,Utilities,Utilities - Regulated Gas,29/07/2026,30/07/2026,36.5,37.22,37.94,35.42,31/07/2026,35.42,-0.0296,LOSS,,,,0.32,-0.41,-0.09,-0.58,-1.77,-1.19,Saddle,0.0091,-0.0956,-0.0011,0.0988,Esperar,76.15,Bullish/Strong Buy,0.922,B:6% N:12% Bu:22% S:60%,0.91,61,1.5:1,Acumulación,38.29,0.8386,0.091,0.053,REGULAR,4,4.6,8.6,Débil,Mod,Neutral,Oscillating,Temprano (95),45,avoid
DFSV,ETF,Exchange Traded Fund,29/07/2026,30/07/2026,39.54,40.01,40.48,38.84,04/08/2026,40.48,0.0238,WIN,,,,0.18,-0.51,-0.33,-0.44,-3.98,-3.54,Flat,0,-0.5568,0,0.5568,Neutral,67.64,Bullish/Strong Buy,0.859,B:11% N:16% Bu:24% S:48%,0.78,25,1.5:1,Acumulación,41.43,0.7595,0.067,0.023,DÉBIL,ETF,,,,,Bullish,Unstable,Temprano (100),45,avoid
SPYD,ETF,Exchange Traded Fund,29/07/2026,30/07/2026,50.24,50.81,51.38,49.39,30/07/2026,49.39,-0.0169,LOSS,,,,0.02,-1.31,-1.29,-1.57,-5.16,-3.59,Saddle,0.0039,-0.267,-0.001,0.2671,Esperar,72.51,Bullish/Strong Buy,0.897,B:8% N:14% Bu:23% S:55%,0.77,15,1.5:1,Acumulación,51.89,0.6875,0.037,0.038,DÉBIL,ETF,,,,,Bullish,Unstable,Temprano (90),45,avoid
INCY,Healthcare,Biotechnology,30/07/2026,31/07/2026,121.71,125.98,130.25,115.3,25/08/2026,130.25,0.0702,WIN,,,,1.82,-6.2,-4.38,-3.69,-22.05,-18.36,Local Max,-0.0388,-0.153,0.004,0.1696,Evitar,72.51,Bullish/Strong Buy,0.897,B:8% N:14% Bu:23% S:55%,0.91,90,1.5:1,Acumulación,127.64,0.95,0.141,0.023,EXCELENTE,36.1,16.8,44.6,Alta,Bajo,Bullish,Oscillating,Temprano (90),65,buy
MNST,Consumer Defensive,Beverages - Non-Alcoholic,30/07/2026,31/07/2026,97,99.16,101.32,93.76,31/07/2026,93.76,-0.0334,LOSS,,,,-48.6,-49.39,-0.79,-49,-56.21,-7.21,Local Max,-0.0258,-0.3226,0.0067,0.3285,Evitar,60.46,Bullish/Strong Buy,0.795,B:17% N:20% Bu:25% S:39%,0.81,80,1.5:1,Acumulación,98.42,0.8394,0.033,-0.013,EXCELENTE,-15.2,17.7,28.6,Alta,Bajo,Neutral,Oscillating,Temprano (95),45,avoid
KOF,Consumer Defensive,Beverages - Non-Alcoholic,30/07/2026,31/07/2026,108.27,111.1,113.93,104.02,19/08/2026,113.93,0.0523,WIN,,,,-0.1,-2.57,-2.47,-2.61,-8.95,-6.34,Local Min,0.0056,0.3094,0.0013,0.3109,Comprar,67.64,Bullish/Strong Buy,0.859,B:11% N:16% Bu:24% S:48%,0.82,60,1.5:1,Acumulación,115.55,0.8725,0.077,0.019,REGULAR,-24.7,7.7,16.9,Alta,Mod,Bullish,Unstable,Temprano (90),45,avoid
EWZ,ETF,Exchange Traded Fund,31/07/2026,03/08/2026,36.46,37.09,37.72,35.52,07/08/2026,35.52,-0.0258,LOSS,,,,-0.13,-0.84,-0.71,-0.69,-2,-1.31,Local Min,0.0073,0.1584,0.0011,0.1591,Comprar,63.55,Bullish/Strong Buy,0.824,B:14% N:18% Bu:25% S:42%,0.73,25,1.5:1,Acumulación,37.85,0.7256,0.082,0.043,DÉBIL,ETF,,,,,Bullish,Unstable,Temprano (100),45,avoid
FHI,Financial,Asset Management,31/07/2026,,59.52,61,62.48,57.3,11/08/2026,,,SIN FILL,,,,,,,,,,,,,,,,,,,,,,,,,,,,,,,,,,,,,,
GD,Industrials,Aerospace & Defense,31/07/2026,03/08/2026,380.81,389.5,398.19,367.77,31/08/2026,367.79,-0.0342,LOSS,,,,2.28,-8.82,-6.54,-4.74,-37.4,-32.66,Local Max,-0.0228,-0.3613,0.0082,0.3622,Evitar,67.64,Bullish/Strong Buy,0.859,B:11% N:16% Bu:24% S:48%,0.91,75,1.5:1,Acumulación,404.71,0.8928,0.067,0.015,BUENO,-4.4,6.1,14.4,Alta,Mod,Bullish,Oscillating,Temprano (75),65,buy
FMX,Consumer Defensive,Beverages - Brewers,31/07/2026,03/08/2026,126.71,130.98,135.25,120.3,10/08/2026,120.3,-0.0506,LOSS,,,,-0.27,0.86,-0.59,0.51,-14.55,-14.04,Local Max,-0.02,-0.1704,0.0029,0.1743,Evitar,46.36,Neutral/Buy,0.424,B:18% N:20% Bu:25% S:38%,0.67,66,1.5:1,Espera,130.43,0.9162,0.101,-0.021,BUENO,-24.7,6.4,104.1,Alta,Mod,Neutral,Unstable,Temprano (90),25,avoid
VYMI,ETF,Exchange Traded Fund,31/07/2026,03/08/2026,103.23,104.34,105.45,101.56,03/09/2026,105.45,0.0215,WIN,,,,0.12,-2.12,-2,-2.41,-10.54,-8.13,Saddle,0.0046,-0.2939,-0.0014,0.2942,Esperar,70.21,Strong/Strong Buy,1,B:14% N:18% Bu:25% S:42%,0.6,25,1.5:1,Señal máxima,109.5,0.8175,0.114,0.035,DÉBIL,ETF,,,,,Bullish,Unstable,Temprano (75),45,avoid
DVYE,ETF,Exchange Traded Fund,31/07/2026,03/08/2026,34.15,34.51,34.87,33.61,03/08/2026,33.61,-0.0158,LOSS,,,,-0.03,-0.65,-0.62,-1.15,-2.49,-1.34,Local Min,0.0185,1.0691,0.0193,1.0697,Comprar,70.21,Strong/Strong Buy,1,B:14% N:18% Bu:25% S:42%,0.78,25,1.5:1,Señal máxima,36,0.7984,0.115,0.044,DÉBIL,ETF,,,,,Bullish,Unstable,Temprano (100),45,avoid
SCHD,ETF,Exchange Traded Fund,31/07/2026,03/08/2026,33.34,33.76,34.18,32.71,13/08/2026,34.18,0.0252,WIN,,,,0.14,-0.49,-0.35,-0.57,-3.28,-2.71,Flat,0.0108,-0.0602,-0.0007,0.0612,Neutral,73.77,Strong/Strong Buy,1,B:11% N:16% Bu:24% S:49%,0.78,15,1.5:1,Señal máxima,35.34,0.7375,0.089,0.041,DÉBIL,ETF,,,,,Bullish,Unstable,Temprano (90),45,avoid
EFAV,ETF,Exchange Traded Fund,31/07/2026,03/08/2026,92.66,93.58,94.5,91.28,21/08/2026,94.5,0.0199,WIN,,,,0.28,-1.93,-1.65,-1.48,-5.34,-3.86,Local Min,0.0069,0.3312,0.0023,0.3313,Comprar,68.61,Bullish/Strong Buy,0.867,B:11% N:16% Bu:24% S:49%,0.78,15,1.5:1,Acumulación,96.65,0.6875,0.029,0.039,DÉBIL,ETF,,,,,Bullish,Unstable,Temprano (100),45,avoid
VYMI,ETF,Exchange Traded Fund,03/08/2026,,103.43,104.49,105.55,101.84,12/08/2026,,,SIN FILL,,,,,,,,,,,,,,,,,,,,,,,,,,,,,,,,,,,,,,
DVYE,ETF,Exchange Traded Fund,03/08/2026,04/08/2026,34.12,34.48,34.84,33.58,04/08/2026,33.58,-0.0158,LOSS,0.07,0,0.07,0.02,-0.57,-0.55,-1.06,-2.44,-1.38,Local Min,0.0151,1.7442,0.0255,1.7448,Comprar,73.08,Strong/Strong Buy,1,B:11% N:16% Bu:24% S:48%,0.85,25,1.5:1,Señal máxima,35.97,0.7942,0.114,0.053,DÉBIL,ETF,,,,,Bullish,Unstable,Temprano (85),45,avoid
FNDE,ETF,Exchange Traded Fund,03/08/2026,,41.18,41.68,42.18,40.43,12/08/2026,,,SIN FILL,,,,,,,,,,,,,,,,,,,,,,,,,,,,,,,,,,,,,,
LVHI,ETF,Exchange Traded Fund,03/08/2026,04/08/2026,42.54,42.88,43.22,42.03,10/09/2026,42.03,-0.012,LOSS,0.07,0.14,-0.07,0.15,-0.67,-0.52,-0.73,-4.19,-3.46,Flat,0.0009,0.0498,0,0.0502,Neutral,73.77,Strong/Strong Buy,1,B:11% N:16% Bu:24% S:49%,0.59,15,1.5:1,Señal máxima,45.01,0.7875,0.107,0.034,DÉBIL,ETF,,,,,Bullish,Oscillating,Temprano (70),65,buy
RWL,ETF,Exchange Traded Fund,04/08/2026,05/08/2026,133.64,134.87,136.1,131.79,16/09/2026,131.8,-0.0138,LOSS,0.25,-0.36,-0.11,-0.43,-3.26,-2.83,-2.87,-13.75,-10.88,Flat,0.004,0.0039,0,0.0056,Neutral,70.21,Strong/Strong Buy,1,B:14% N:18% Bu:25% S:42%,0.6,15,1.5:1,Señal máxima,140.88,0.7375,0.078,0.036,DÉBIL,ETF,,,,,Bullish,Oscillating,Temprano (75),65,buy
STLD,Basic Materials,Steel,04/08/2026,06/08/2026,262.36,271.49,280.62,248.67,18/08/2026,248.66,-0.0522,LOSS,3.35,0.8,2.55,0.52,-15.54,-15.02,-12.91,-56.41,-43.5,Saddle,0.0877,-0.4721,-0.0435,0.4846,Esperar,67.64,Bullish/Strong Buy,0.859,B:11% N:16% Bu:24% S:48%,0.94,81,1.5:1,Acumulación,278.3,0.95,0.102,0.178,EXCELENTE,4.6,7.9,78.8,Alta,Mod,Bullish,Unstable,Maduro (40),45,avoid
PFF,ETF,Exchange Traded Fund,04/08/2026,05/08/2026,30.66,30.89,31.12,30.32,10/08/2026,30.32,-0.0111,LOSS,0.03,-0.04,-0.01,-0.05,-0.13,-0.08,-0.43,-0.49,-0.06,Saddle,0.0066,-0.2504,-0.0017,0.2506,Esperar,70.21,Strong/Strong Buy,1,B:14% N:18% Bu:25% S:42%,0.78,25,1.5:1,Señal máxima,32.34,0.8056,0.105,0.014,DÉBIL,ETF,,,,,Bullish,Oscillating,Temprano (100),65,buy
FNDE,ETF,Exchange Traded Fund,04/08/2026,05/08/2026,41.56,42.06,42.56,40.81,01/09/2026,42.56,0.0241,WIN,0.07,-0.08,-0.01,-0.09,-0.92,-0.83,-0.8,-3.22,-2.42,Saddle,0.0104,-0.2093,-0.0027,0.2122,Esperar,68.11,Strong/Strong Buy,1,B:17% N:20% Bu:25% S:39%,0.73,25,1.5:1,Señal máxima,43.66,0.7968,0.119,0.04,DÉBIL,ETF,,,,,Bullish,Damped,Temprano (100),85,buy
DVYE,ETF,Exchange Traded Fund,04/08/2026,05/08/2026,34.12,34.47,34.82,33.59,05/08/2026,33.59,-0.0155,LOSS,0.1,0.09,0.01,0.09,-0.49,-0.4,-1.02,-2.42,-1.4,Local Min,0.0097,1.9597,0.0182,1.9602,Comprar,70.21,Strong/Strong Buy,1,B:14% N:18% Bu:25% S:42%,0.78,25,1.5:1,Señal máxima,35.85,0.7935,0.114,0.042,DÉBIL,ETF,,,,,Bullish,Unstable,Temprano (100),45,avoid
SCHD,ETF,Exchange Traded Fund,04/08/2026,05/08/2026,33.72,34.15,34.58,33.07,19/08/2026,34.58,0.0255,WIN,0.1,-0.1,0,-0.09,-0.79,-0.7,-0.83,-3.59,-2.76,Flat,0.0075,0.1353,0.001,0.1358,Neutral,73.77,Strong/Strong Buy,1,B:11% N:16% Bu:24% S:49%,0.78,15,1.5:1,Señal máxima,35.43,0.7375,0.091,0.04,DÉBIL,ETF,,,,,Bullish,Oscillating,Temprano (75),65,buy
DON,ETF,Exchange Traded Fund,04/08/2026,05/08/2026,58.5,59.14,59.78,57.54,28/08/2026,57.54,-0.0164,LOSS,0.14,-0.28,-0.14,-0.26,-1.35,-1.09,-1.3,-4.77,-3.47,Local Min,0.0069,0.353,0.0019,0.3546,Comprar,68.61,Bullish/Strong Buy,0.867,B:11% N:16% Bu:24% S:49%,0.78,0,1.5:1,Acumulación,60.91,0.6425,0.033,0.046,DÉBIL,ETF,,,,,Bullish,Unstable,Temprano (90),45,avoid
VOE,ETF,Exchange Traded Fund,04/08/2026,05/08/2026,206.74,208.86,210.98,203.56,10/09/2026,203.56,-0.0154,LOSS,0.75,-0.51,0.24,-0.56,-4.21,-3.65,-3.96,-19.94,-15.98,Flat,0.0023,0.1081,0.0002,0.1084,Neutral,68.61,Bullish/Strong Buy,0.867,B:11% N:16% Bu:24% S:49%,0.77,15,1.5:1,Acumulación,215.57,0.6875,0.031,0.037,DÉBIL,ETF,,,,,Bullish,Unstable,Temprano (90),45,avoid
SDVY,ETF,Exchange Traded Fund,04/08/2026,05/08/2026,44.77,45.33,45.89,43.93,19/08/2026,43.93,-0.0188,LOSS,0.11,-0.22,-0.11,-0.26,-1.46,-1.2,-1.24,-4.21,-2.97,Flat,0.0067,-0.012,-0.0001,0.0137,Neutral,76.6,Strong/Strong Buy,1,B:8% N:14% Bu:23% S:55%,0.71,15,1.5:1,Señal máxima,47.02,0.7375,0.089,0.054,DÉBIL,ETF,,,,,Bullish,Unstable,Fresco (60),45,avoid
SPYD,ETF,Exchange Traded Fund,04/08/2026,05/08/2026,50,50.64,51.28,49.04,05/08/2026,49.04,-0.0192,LOSS,0.13,-0.15,-0.02,-0.12,-0.88,-0.76,-1.11,-4.75,-3.64,Saddle,0.0056,-0.2153,-0.0013,0.2156,Esperar,72.51,Bullish/Strong Buy,0.897,B:8% N:14% Bu:23% S:55%,0.78,15,1.5:1,Acumulación,52.04,0.6875,0.038,0.04,DÉBIL,ETF,,,,,Bullish,Oscillating,Temprano (85),65,buy
LVHI,ETF,Exchange Traded Fund,04/08/2026,05/08/2026,42.58,42.91,43.24,42.09,10/09/2026,42.09,-0.0115,LOSS,0.12,0.11,0.01,0.11,-0.66,-0.55,-0.73,-4.19,-3.46,Flat,0.0028,0.4058,0.0007,0.407,Neutral,73.77,Strong/Strong Buy,1,B:11% N:16% Bu:24% S:49%,0.77,15,1.5:1,Señal máxima,44.9,0.7875,0.108,0.034,DÉBIL,ETF,,,,,Bullish,Oscillating,Temprano (85),65,buy
RWL,ETF,Exchange Traded Fund,05/08/2026,06/08/2026,133.58,134.79,136,131.77,16/09/2026,131.78,-0.0135,LOSS,0.29,0,0.29,-0.13,-3,-2.87,-2.58,-13.56,-10.98,Flat,0.0025,0.0408,0.0001,0.0409,Neutral,63.55,Bullish/Strong Buy,0.824,B:14% N:18% Bu:25% S:42%,0.6,15,1.5:1,Acumulación,139.26,0.6875,0.027,0.03,DÉBIL,ETF,,,,,Bullish,Oscillating,Temprano (75),65,buy
VLO,Energy,Oil & Gas Refining & Marketing,05/08/2026,06/08/2026,299.03,310.22,321.41,282.24,11/08/2026,321.4,0.0748,WIN,3.63,6.76,-3.13,6.11,-6.28,-0.17,-0.29,-70.27,-69.98,Local Max,-0.0067,-0.5168,0.0035,0.5168,Evitar,75.88,Strong/Strong Buy,1,B:9% N:14% Bu:24% S:53%,0.94,100,1.5:1,Señal máxima,325.7,0.95,0.202,0.082,EXCELENTE,10.5,10.6,421,Alta,Mod,Bullish,Oscillating,Maduro (50),65,buy
PFF,ETF,Exchange Traded Fund,05/08/2026,06/08/2026,30.67,30.89,31.11,30.34,10/08/2026,30.34,-0.0108,LOSS,0.02,-0.02,0,-0.02,-0.14,-0.12,-0.43,-0.5,-0.07,Flat,0.0024,-0.0736,-0.0002,0.0736,Neutral,67.64,Bullish/Strong Buy,0.859,B:11% N:16% Bu:24% S:48%,0.73,25,1.5:1,Acumulación,31.68,0.7331,0.053,0.003,DÉBIL,ETF,,,,,Bullish,Unstable,Temprano (100),45,avoid
FNDE,ETF,Exchange Traded Fund,05/08/2026,06/08/2026,41.37,41.85,42.33,40.65,28/08/2026,42.33,0.0232,WIN,0.19,0.15,0.04,0.13,-0.68,-0.55,-0.54,-3,-2.46,Flat,0.0064,0.0681,0.0003,0.0703,Neutral,64.57,Bullish/Strong Buy,0.833,B:13% N:18% Bu:24% S:44%,0.73,25,1.5:1,Acumulación,43.09,0.7339,0.065,0.032,DÉBIL,ETF,,,,,Bullish,Unstable,Temprano (100),45,avoid
DVYE,ETF,Exchange Traded Fund,05/08/2026,13/08/2026,34.02,34.36,34.7,33.51,19/08/2026,34.7,0.02,WIN,0.05,0.19,-0.14,0.15,-0.21,-0.06,-0.73,-2.21,-1.48,Local Min,0.013,1.7179,0.0197,1.7194,Comprar,73.08,Strong/Strong Buy,1,B:11% N:16% Bu:24% S:48%,0.78,25,1.5:1,Señal máxima,35.74,0.7988,0.112,0.033,DÉBIL,ETF,,,,,Bullish,Oscillating,Temprano (85),65,buy
SDVY,ETF,Exchange Traded Fund,05/08/2026,06/08/2026,44.49,45.05,45.61,43.65,25/08/2026,43.65,-0.0189,LOSS,0.08,0.15,-0.07,0.1,-1.03,-0.93,-0.88,-3.89,-3.01,Flat,0.0033,0.2241,0.0007,0.2244,Neutral,73.77,Strong/Strong Buy,1,B:11% N:16% Bu:24% S:49%,0.78,15,1.5:1,Señal máxima,46.86,0.7375,0.089,0.04,DÉBIL,ETF,,,,,Bullish,Unstable,Temprano (90),45,avoid
VIGI,ETF,Exchange Traded Fund,05/08/2026,,98.01,98.99,99.97,96.54,14/08/2026,,,SIN FILL,,,,,,,,,,,,,,,,,,,,,,,,,,,,,,,,,,,,,,
LVHI,ETF,Exchange Traded Fund,05/08/2026,,42.47,42.81,43.15,41.96,14/08/2026,,,SIN FILL,,,,,,,,,,,,,,,,,,,,,,,,,,,,,,,,,,,,,,
VLO,Energy,Oil & Gas Refining & Marketing,06/08/2026,07/08/2026,299.63,310.84,322.05,282.81,11/08/2026,322.04,0.0748,WIN,2.01,3.81,-1.8,3.21,-6.33,-3.12,-0.93,-70.17,-69.24,Local Max,-0.0054,-0.4296,0.0023,0.4296,Evitar,73.08,Strong/Strong Buy,1,B:11% N:16% Bu:24% S:48%,0.94,100,1.5:1,Acumulación,318.15,0.95,0.146,0.067,EXCELENTE,11,10.6,421,Alta,Mod,Bullish,Oscillating,Temprano (85),65,buy
EC,Energy,Oil & Gas Integrated,06/08/2026,07/08/2026,17.21,17.84,18.47,16.27,25/09/2026,16.27,-0.0546,LOSS,0.11,-0.32,-0.21,-0.34,-1.16,-0.82,-0.91,-4.09,-3.18,Saddle,0.0279,-0.4601,-0.013,0.4613,Esperar,73.08,Strong/Strong Buy,1,B:11% N:16% Bu:24% S:48%,0.94,91,1.5:1,Acumulación,17.92,0.95,0.149,0.077,EXCELENTE,-0.7,7.3,234.6,Alta,Mod,Bullish,Unstable,Temprano (75),45,avoid
WTS,Industrials,Specialty Industrial Machinery,06/08/2026,,373.86,384.72,395.58,357.57,17/08/2026,,,SIN FILL,,,,,,,,,,,,,,,,,,,,,,,,,,,,,,,,,,,,,,
ET,Energy,Oil & Gas Midstream,06/08/2026,07/08/2026,20.57,20.92,21.27,20.05,18/08/2026,21.27,0.034,WIN,0.06,-0.04,0.02,-0.07,-0.51,-0.44,-0.71,-2.36,-1.65,Flat,-0.0021,0.2643,-0.0006,0.2643,Neutral,68.11,Strong/Strong Buy,1,B:17% N:20% Bu:25% S:39%,0.91,81,1.5:1,Espera,21.41,0.8828,0.085,0.024,EXCELENTE,-2,5.1,79.5,Alta,Mod,Bullish,Oscillating,Temprano (95),65,buy
DVYE,ETF,Exchange Traded Fund,06/08/2026,13/08/2026,34.06,34.4,34.74,33.55,19/08/2026,34.74,0.02,WIN,0.07,0.17,-0.1,0.12,-0.25,-0.13,-0.77,-2.25,-1.48,Local Min,0.013,1.7179,0.0197,1.7194,Comprar,73.08,Strong/Strong Buy,1,B:11% N:16% Bu:24% S:48%,0.78,25,1.5:1,Señal máxima,35.74,0.7988,0.112,0.033,DÉBIL,ETF,,,,,Bullish,Oscillating,Temprano (85),65,buy
SDVY,ETF,Exchange Traded Fund,06/08/2026,11/08/2026,44.34,44.89,45.44,43.52,31/08/2026,43.52,-0.0185,LOSS,0.13,0.21,-0.08,0.22,-0.72,-0.5,-0.52,-3.63,-3.11,Flat,0.0054,-0.0184,-0.0001,0.0194,Neutral,68.61,Bullish/Strong Buy,0.867,B:11% N:16% Bu:24% S:49%,0.78,15,1.5:1,Acumulación,46.42,0.6875,0.034,0.037,DÉBIL,ETF,,,,,Bullish,Oscillating,Temprano (75),65,buy
VIGI,ETF,Exchange Traded Fund,06/08/2026,,98.19,99.14,100.09,96.77,17/08/2026,,,SIN FILL,,,,,,,,,,,,,,,,,,,,,,,,,,,,,,,,,,,,,,
SARO,Industrials,Aerospace & Defense,06/08/2026,07/08/2026,29.69,30.72,31.75,28.15,11/08/2026,28.15,-0.0519,LOSS,0.36,0.75,-0.39,0.61,-0.98,-0.37,-0.63,-1.83,-1.2,Saddle,-0.0195,0.2918,-0.0058,0.2929,Esperar,67.64,Bullish/Strong Buy,0.859,B:11% N:16% Bu:24% S:48%,0.89,66,1.5:1,Acumulación,31.1,0.9291,0.113,0.045,BUENO,-10.9,5.3,27,Alta,Mod,Neutral,Oscillating,Temprano (85),45,avoid
HRMY,Healthcare,Biotechnology,07/08/2026,14/08/2026,37.94,39.49,41.04,35.61,01/09/2026,41.04,0.0817,WIN,0.48,1.03,-0.55,0.97,-1.21,-0.24,-0.51,-4.28,-3.77,Saddle,0.0319,-0.5041,-0.0224,0.5173,Esperar,76.15,Bullish/Strong Buy,0.922,B:6% N:12% Bu:22% S:60%,0.94,100,1.5:1,Acumulación,40.68,0.95,0.143,0.129,EXCELENTE,30.6,11.6,89.6,Alta,Bajo,Bullish,Oscillating,Fresco (65),65,buy
HDEF,ETF,Exchange Traded Fund,07/08/2026,10/08/2026,34.03,34.33,34.63,33.58,09/09/2026,33.58,-0.0132,LOSS,0.07,-0.08,-0.01,-0.06,-0.69,-0.63,-0.73,-2.91,-2.18,Saddle,0.0055,-3.1599,-0.0178,3.1601,Esperar,68.61,Bullish/Strong Buy,0.867,B:11% N:16% Bu:24% S:49%,0.77,25,1.5:1,Acumulación,35.53,0.7675,0.057,0.04,DÉBIL,ETF,,,,,Bullish,Unstable,Temprano (90),45,avoid
FEOE,ETF,Exchange Traded Fund,10/08/2026,12/08/2026,56.07,56.8,57.53,54.98,21/08/2026,57.53,0.026,WIN,0.09,0.2,-0.11,0.19,-1.2,-1.01,-0.77,-4.86,-4.09,Local Min,0.0113,0.3672,0.0041,0.3673,Comprar,63.55,Bullish/Strong Buy,0.824,B:14% N:18% Bu:25% S:42%,0.78,15,1.5:1,Acumulación,58.48,0.6875,0.038,0.045,DÉBIL,ETF,,,,,Bullish,Unstable,Temprano (90),45,avoid
CF,Basic Materials,Agricultural Inputs,10/08/2026,11/08/2026,120.07,124.78,129.49,113,21/08/2026,129.5,0.0785,WIN,0.25,-2.44,-2.19,-2.24,-1.44,0.8,-1.35,-13.07,-11.72,Local Max,-0.0232,-0.1384,0.0031,0.1411,Evitar,55.07,Bullish/Strong Buy,0.741,B:22% N:21% Bu:24% S:33%,0.77,100,1.5:1,Acumulación,122.77,0.95,0.153,-0.012,EXCELENTE,18.2,12.9,88.3,Alta,Mod,Neutral,Unstable,Temprano (90),25,avoid
EC,Energy,Oil & Gas Integrated,10/08/2026,11/08/2026,16.86,17.5,18.14,15.9,19/08/2026,18.14,0.0759,WIN,0.2,0.18,0.02,0.14,-0.69,-0.55,-0.42,-3.67,-3.25,Saddle,0.0186,-0.5816,-0.0112,0.5826,Esperar,75.88,Strong/Strong Buy,1,B:9% N:14% Bu:24% S:53%,0.94,91,1.5:1,Señal máxima,18.32,0.95,0.202,0.053,EXCELENTE,-3,7.3,234.8,Alta,Mod,Bullish,Damped,Fresco (60),85,buy
PBYI,Healthcare,Biotechnology,10/08/2026,11/08/2026,8.56,8.98,9.4,7.93,19/08/2026,9.4,0.0981,WIN,0.18,0,0.18,0,-0.52,-0.52,-0.37,-1.8,-1.43,Local Max,-0.0153,-0.9355,0.0137,0.9362,Evitar,67.64,Bullish/Strong Buy,0.859,B:11% N:16% Bu:24% S:48%,0.94,86,1.5:1,Acumulación,9.39,0.95,0.145,0.059,EXCELENTE,32.1,9.8,39.9,Alta,Mod,Bullish,Unstable,Fresco (60),45,avoid
ET,Energy,Oil & Gas Midstream,10/08/2026,,20.48,20.83,21.18,19.96,19/08/2026,,,SIN FILL,,,,,,,,,,,,,,,,,,,,,,,,,,,,,,,,,,,,,,
STLD,Basic Materials,Steel,10/08/2026,11/08/2026,266.01,274.65,283.29,253.05,17/08/2026,253.06,-0.0487,LOSS,1.9,-0.66,1.24,-0.96,-15.77,-14.81,-12.7,-58.33,-45.63,Saddle,0.0767,-0.4896,-0.0389,0.4984,Esperar,67.64,Bullish/Strong Buy,0.859,B:11% N:16% Bu:24% S:48%,0.94,81,1.5:1,Acumulación,280.41,0.9211,0.098,0.13,EXCELENTE,5.9,7.9,78.8,Alta,Mod,Bullish,Oscillating,Fresco (65),65,buy
BWA,Consumer Cyclical,Auto Parts,10/08/2026,13/08/2026,68.53,71.02,73.51,64.8,20/08/2026,64.8,-0.0544,LOSS,0.47,0.6,-0.13,0.45,-2.56,-2.11,-2.51,-11.6,-9.09,Local Min,0.0568,0.4495,0.0249,0.4545,Comprar,71.54,Bullish/Strong Buy,0.89,B:9% N:14% Bu:24% S:53%,0.91,55,1.5:1,Acumulación,71.8,0.828,0.073,0.067,REGULAR,-14.5,6.3,23.7,Alta,Bajo,Bullish,Unstable,Temprano (75),45,avoid
LVHI,ETF,Exchange Traded Fund,10/08/2026,11/08/2026,42.85,43.19,43.53,42.34,17/08/2026,42.34,-0.0119,LOSS,0.05,0.04,0.01,0.03,-0.67,-0.64,-0.77,-4.3,-3.53,Flat,0.0045,0.2439,0.0006,0.2461,Neutral,73.77,Strong/Strong Buy,1,B:11% N:16% Bu:24% S:49%,0.59,25,1.5:1,Señal máxima,45.26,0.8175,0.107,0.031,DÉBIL,ETF,,,,,Bullish,Unstable,Temprano (85),45,avoid
DVYE,ETF,Exchange Traded Fund,10/08/2026,11/08/2026,34.28,34.61,34.94,33.79,11/08/2026,33.79,-0.0143,LOSS,0.08,0.05,0.03,0.03,-0.51,-0.48,-1.01,-2.5,-1.49,Local Min,0.0099,1.2775,0.0106,1.2791,Comprar,73.77,Strong/Strong Buy,1,B:11% N:16% Bu:24% S:49%,0.78,25,1.5:1,Acumulación,35.55,0.727,0.06,0.024,DÉBIL,ETF,,,,,Bullish,Oscillating,Temprano (85),65,buy
VYMI,ETF,Exchange Traded Fund,10/08/2026,11/08/2026,104.31,105.24,106.17,102.92,03/09/2026,106.17,0.0178,WIN,0.12,0.27,-0.15,0.24,-2.05,-1.81,-2.2,-10.98,-8.78,Saddle,0.0057,-0.1628,-0.0012,0.1648,Esperar,68.61,Bullish/Strong Buy,0.867,B:11% N:16% Bu:24% S:49%,0.78,15,1.5:1,Acumulación,109.07,0.7375,0.057,0.035,DÉBIL,ETF,,,,,Bullish,Unstable,Temprano (90),45,avoid
VXF,ETF,Exchange Traded Fund,10/08/2026,,245.38,248.96,252.54,240.01,19/08/2026,,,SIN FILL,,,,,,,,,,,,,,,,,,,,,,,,,,,,,,,,,,,,,,
EWQ,ETF,Exchange Traded Fund,11/08/2026,12/08/2026,47.53,48.05,48.57,46.75,18/08/2026,46.75,-0.0164,LOSS,0.15,0.19,-0.04,0.16,-1.25,-1.09,-0.9,-3.33,-2.43,Flat,0.0125,-0.0329,-0.0004,0.036,Neutral,63.55,Bullish/Strong Buy,0.824,B:14% N:18% Bu:25% S:42%,0.78,15,1.5:1,Acumulación,49.53,0.6875,0.031,0.045,DÉBIL,ETF,,,,,Bullish,Oscillating,Temprano (75),65,buy
EC,Energy,Oil & Gas Integrated,11/08/2026,12/08/2026,16.82,17.45,18.08,15.88,19/08/2026,18.08,0.0749,WIN,0.14,0.16,-0.02,0.14,-0.6,-0.46,-0.33,-3.59,-3.26,Saddle,0.01,-0.361,-0.0037,0.3614,Esperar,73.08,Strong/Strong Buy,1,B:11% N:16% Bu:24% S:48%,0.94,91,1.5:1,Acumulación,18.16,0.95,0.141,0.061,EXCELENTE,-3.3,7.3,234.8,Alta,Mod,Bullish,Oscillating,Temprano (75),65,buy
BRK/B,Financial,Insurance - Diversified,11/08/2026,12/08/2026,513.84,522.3,530.76,501.15,17/08/2026,501.15,-0.0247,LOSS,4.06,8.91,-4.85,7.32,-8.06,-0.74,-3.93,-22.76,-18.83,Flat,0.0146,0.0541,0.0005,0.0612,Neutral,76.6,Strong/Strong Buy,1,B:8% N:14% Bu:23% S:55%,0.91,81,1.5:1,Señal máxima,548.05,0.95,0.136,0.044,EXCELENTE,-6.3,6,107.5,Alta,Mod,Bullish,Oscillating,Temprano (95),65,buy
MOG/A,Industrials,Aerospace & Defense,11/08/2026,19/08/2026,411.52,429.71,447.9,384.23,20/08/2026,384.24,-0.0663,LOSS,8.4,21.24,-12.84,20.61,0.97,19.64,5.62,-82.1,-76.48,Saddle,0.0243,-0.6204,-0.0181,0.6258,Esperar,37.86,Bearish/Hold,0,B:11% N:16% Bu:24% S:48%,0.67,76,1.5:1,Espera,430.41,0.8499,0.04,0.046,BUENO,-4.2,7,159.9,Alta,Mod,Bearish,Oscillating,Temprano (95),25,avoid
LVHI,ETF,Exchange Traded Fund,11/08/2026,14/08/2026,42.81,43.14,43.47,42.32,19/08/2026,42.32,-0.0114,LOSS,0.09,0.08,0.01,0.08,-0.53,-0.45,-0.61,-4.14,-3.53,Flat,-0.0008,0.2804,-0.0003,0.2808,Neutral,68.61,Bullish/Strong Buy,0.867,B:11% N:16% Bu:24% S:49%,0.77,25,1.5:1,Acumulación,44.67,0.7556,0.052,0.025,DÉBIL,ETF,,,,,Bullish,Oscillating,Temprano (85),65,buy
DON,ETF,Exchange Traded Fund,11/08/2026,12/08/2026,58.15,58.76,59.37,57.23,31/08/2026,57.23,-0.0158,LOSS,0.15,0.16,-0.01,0.14,-0.67,-0.53,-0.63,-4.22,-3.59,Flat,0.0048,0.1384,0.0006,0.1387,Neutral,70.21,Strong/Strong Buy,1,B:14% N:18% Bu:25% S:42%,0.78,15,1.5:1,Señal máxima,61.38,0.7302,0.082,0.029,DÉBIL,ETF,,,,,Bullish,Unstable,Temprano (100),45,avoid
BRK/B,Financial,Insurance - Diversified,12/08/2026,13/08/2026,507.44,515.96,524.48,494.66,,504.24,-0.0063,PARCIAL TP1,2.23,7.94,-5.71,7.72,-1.42,6.3,2.19,-16.21,-14.02,Flat,0.0079,0.0787,0.0003,0.0827,Neutral,72.51,Bullish/Strong Buy,0.897,B:8% N:14% Bu:23% S:55%,0.91,81,1.5:1,Acumulación,539.68,0.9355,0.081,0.028,EXCELENTE,-6.3,6,107.5,Alta,Mod,Neutral,Oscillating,Temprano (95),45,avoid
NDSN,Industrials,Specialty Industrial Machinery,12/08/2026,13/08/2026,309.47,315.45,321.43,300.5,20/08/2026,321.42,0.0386,WIN,2.04,1.58,0.46,1.23,-9.75,-8.52,-7.4,-37.35,-29.95,Saddle,0.0125,-0.9059,-0.0115,0.9061,Esperar,67.64,Bullish/Strong Buy,0.859,B:11% N:16% Bu:24% S:48%,0.91,64,1.5:1,Acumulación,330.2,0.8845,0.057,0.057,REGULAR,-5.1,7.9,4.4,Aceptable,Mod,Bullish,Unstable,Temprano (75),45,avoid
KOF,Consumer Defensive,Beverages - Non-Alcoholic,12/08/2026,13/08/2026,109.1,111.67,114.24,105.24,24/08/2026,114.24,0.0471,WIN,0.6,0.63,-0.03,0.59,-1.67,-1.08,-1.38,-8.95,-7.57,Saddle,0.0189,-0.1242,-0.0034,0.1335,Esperar,71.54,Bullish/Strong Buy,0.89,B:9% N:14% Bu:24% S:53%,0.91,60,1.5:1,Acumulación,116.09,0.8725,0.071,0.052,REGULAR,-11.9,7.7,16.9,Alta,Mod,Bullish,Oscillating,Temprano (85),65,buy
VIGI,ETF,Exchange Traded Fund,12/08/2026,17/08/2026,99.05,99.94,100.83,97.72,20/08/2026,97.72,-0.0134,LOSS,0.35,0.37,-0.02,0.34,-1.97,-1.63,-1.68,-7.37,-5.69,Flat,0.0051,0.0718,0.0004,0.0721,Neutral,68.61,Bullish/Strong Buy,0.867,B:11% N:16% Bu:24% S:49%,0.77,15,1.5:1,Acumulación,102.98,0.6875,0.025,0.039,DÉBIL,ETF,,,,,Bullish,Oscillating,Temprano (75),65,buy
AVMV,ETF,Exchange Traded Fund,12/08/2026,18/08/2026,83.16,84.05,84.94,81.83,26/08/2026,81.83,-0.016,LOSS,0.09,0.38,-0.29,,,,-0.79,-7.06,-6.27,Local Min,0.0043,1.3501,0.0057,1.3501,Comprar,72.51,Bullish/Strong Buy,0.897,B:8% N:14% Bu:23% S:55%,0.78,15,1.5:1,Acumulación,86.5,0.6875,0.028,0.025,DÉBIL,ETF,,,,,Bullish,Oscillating,Temprano (85),65,buy
EC,Energy,Oil & Gas Integrated,13/08/2026,,17.02,17.64,18.26,16.09,24/08/2026,,,SIN FILL,,,,,,,,,,,,,,,,,,,,,,,,,,,,,,,,,,,,,,
CIEN,Technology,Communication Equipment,13/08/2026,14/08/2026,433.23,465.1,496.97,385.43,21/08/2026,385.44,-0.1103,LOSS,12.08,2.87,9.21,0.79,-18.7,-17.91,-24.51,-64.82,-40.31,Local Min,0.0746,0.0435,0.0028,0.0908,Comprar,75.88,Strong/Strong Buy,1,B:9% N:14% Bu:24% S:53%,0.93,65,1.5:1,Señal activa,459.03,0.9144,0.242,0.145,BUENO,-3.5,6.7,23.3,Alta,Mod,Bullish,Unstable,Temprano (75),45,avoid
DVYE,ETF,Exchange Traded Fund,13/08/2026,14/08/2026,33.89,34.21,34.53,33.41,19/08/2026,34.53,0.0189,WIN,0.08,0.22,-0.14,0.17,-0.06,0.11,-0.6,-2.07,-1.47,Saddle,0.009,-1.5947,-0.0153,1.5953,Esperar,70.21,Strong/Strong Buy,1,B:14% N:18% Bu:25% S:42%,0.78,25,1.5:1,Acumulación,35.26,0.7197,0.058,0.024,DÉBIL,ETF,,,,,Bullish,Oscillating,Temprano (95),65,buy
DON,ETF,Exchange Traded Fund,13/08/2026,14/08/2026,58.52,59.11,59.7,57.64,27/08/2026,57.64,-0.015,LOSS,0.13,-0.07,0.06,-0.02,-0.91,-0.89,-0.81,-4.49,-3.68,Flat,-0.0013,0.2295,-0.0003,0.2296,Neutral,63.55,Bullish/Strong Buy,0.824,B:14% N:18% Bu:25% S:42%,0.6,15,1.5:1,Acumulación,61.38,0.6861,0.029,0.029,DÉBIL,ETF,,,,,Bullish,Unstable,Temprano (75),45,avoid
AVUS,ETF,Exchange Traded Fund,13/08/2026,17/08/2026,131.97,133.24,134.51,130.06,20/08/2026,130.06,-0.0145,LOSS,0.18,0.27,-0.09,0.22,-2.56,-2.34,-2.24,-13.08,-10.84,Local Min,0.0078,0.7093,0.0054,0.7095,Comprar,70.21,Strong/Strong Buy,1,B:14% N:18% Bu:25% S:42%,0.78,15,1.5:1,Señal máxima,138.85,0.7375,0.078,0.039,DÉBIL,ETF,,,,,Bullish,Unstable,Temprano (90),45,avoid
DIVI,ETF,Exchange Traded Fund,13/08/2026,18/08/2026,44.56,45.03,45.5,43.86,01/09/2026,43.86,-0.0157,LOSS,0.1,0.15,-0.05,0.13,-0.78,-0.65,-0.77,-4.17,-3.4,Saddle,0.0083,-0.9112,-0.0085,0.9123,Esperar,67.64,Bullish/Strong Buy,0.859,B:11% N:16% Bu:24% S:48%,0.78,15,1.5:1,Acumulación,46.02,0.6875,0.03,0.03,DÉBIL,ETF,,,,,Bullish,Oscillating,Temprano (85),65,buy
EC,Energy,Oil & Gas Integrated,14/08/2026,25/08/2026,16.99,17.59,18.19,16.09,15/09/2026,18.19,0.0706,WIN,0.22,0.43,-0.21,0.42,-0.17,0.25,0.04,-3.4,-3.36,Local Max,-0.0056,-0.3614,0.0019,0.3617,Evitar,76.15,Bullish/Strong Buy,0.922,B:6% N:12% Bu:22% S:60%,0.94,91,1.5:1,Acumulación,17.85,0.95,0.132,0.061,EXCELENTE,-3.4,7.3,234.8,Alta,Mod,Neutral,Oscillating,Temprano (85),45,avoid
XOM,Energy,Oil & Gas Integrated,14/08/2026,,159.01,162.65,166.29,153.55,25/08/2026,,,SIN FILL,,,,,,,,,,,,,,,,,,,,,,,,,,,,,,,,,,,,,,
CVX,Energy,Oil & Gas Integrated,14/08/2026,17/08/2026,198.68,203.07,207.46,192.09,19/08/2026,207.46,0.0442,WIN,1.7,0.03,1.67,0.1,-8.81,-8.71,-7.66,-23.11,-15.45,Flat,-0.0055,0.0598,-0.0004,0.0616,Neutral,67.64,Bullish/Strong Buy,0.859,B:11% N:16% Bu:24% S:48%,0.88,71,1.5:1,Acumulación,214.95,0.8782,0.064,0.068,BUENO,-7.1,5.9,384.8,Alta,Mod,Bullish,Oscillating,Fresco (60),65,buy
OVV,Energy,Oil & Gas E&P,14/08/2026,,62.43,64.39,66.35,59.49,25/08/2026,,,SIN FILL,,,,,,,,,,,,,,,,,,,,,,,,,,,,,,,,,,,,,,
CIEN,Technology,Communication Equipment,14/08/2026,18/08/2026,419.37,450.72,482.07,372.35,24/08/2026,372.36,-0.1121,LOSS,27.06,22.55,4.51,18.77,-1.74,17.03,-7.81,-49.83,-42.02,Local Min,0.0304,0.3538,0.0096,0.3583,Comprar,46.36,Neutral/Buy,0.424,B:18% N:20% Bu:25% S:38%,0.61,65,1.5:1,Espera,420.78,0.9125,0.206,-0.008,BUENO,-4.7,6.7,23.3,Alta,Mod,Neutral,Oscillating,Temprano (95),45,avoid
AVDV,ETF,Exchange Traded Fund,14/08/2026,18/08/2026,110.46,111.79,113.12,108.46,27/08/2026,113.12,0.0241,WIN,0.52,0.47,0.05,0.39,-3.37,-2.98,-3.05,-11.24,-8.19,Saddle,0.0204,-0.8026,-0.0164,0.8029,Esperar,73.08,Strong/Strong Buy,1,B:11% N:16% Bu:24% S:48%,0.85,25,1.5:1,Señal máxima,115.85,0.8175,0.118,0.053,DÉBIL,ETF,,,,,Bullish,Unstable,Temprano (75),45,avoid
EC,Energy,Oil & Gas Integrated,17/08/2026,21/08/2026,17.49,18.09,18.69,16.59,26/08/2026,16.59,-0.0515,LOSS,0.21,0.34,-0.13,0.28,-0.75,-0.47,-0.46,-3.97,-3.51,Flat,-0.0025,-0.0371,0.0001,0.0372,Neutral,72.51,Bullish/Strong Buy,0.897,B:8% N:14% Bu:23% S:55%,0.94,91,1.5:1,Acumulación,18.69,0.95,0.129,0.095,EXCELENTE,-3.4,7.3,234.8,Alta,Mod,Bullish,Unstable,Maduro (50),45,avoid
XOM,Energy,Oil & Gas Integrated,17/08/2026,26/08/2026,160.37,164,167.63,154.93,14/09/2026,167.63,0.0453,WIN,0.7,2.56,-1.86,2.37,-2.97,-0.6,-1.57,-18.76,-17.19,Saddle,-0.0305,0.0849,-0.0026,0.0904,Esperar,72.51,Bullish/Strong Buy,0.897,B:8% N:14% Bu:23% S:55%,0.91,71,1.5:1,Acumulación,167.42,0.8808,0.068,0.016,BUENO,-6.7,5.5,105.1,Alta,Mod,Neutral,Oscillating,Temprano (95),45,avoid
OVV,Energy,Oil & Gas E&P,17/08/2026,26/08/2026,63.28,65.18,67.08,60.43,02/09/2026,67.08,0.0601,WIN,1.47,2.17,-0.7,2.13,-1.1,1.03,-0.28,-10.31,-10.03,Local Max,-0.0249,-0.3394,0.0066,0.3457,Evitar,76.15,Bullish/Strong Buy,0.922,B:6% N:12% Bu:22% S:60%,0.94,66,1.5:1,Acumulación,68.61,0.8821,0.085,0.053,BUENO,-10.9,8.6,48.5,Alta,Bajo,Bullish,Oscillating,Temprano (75),65,buy
CIEN,Technology,Communication Equipment,17/08/2026,18/08/2026,435.79,467.08,498.37,388.86,21/08/2026,388.86,-0.1077,LOSS,10.64,6.13,4.51,2.35,-18.16,-15.81,-24.23,-66.25,-42.02,Local Min,0.0304,0.3538,0.0096,0.3583,Comprar,46.36,Neutral/Buy,0.424,B:18% N:20% Bu:25% S:38%,0.61,65,1.5:1,Espera,420.78,0.9125,0.206,-0.008,BUENO,-4.7,6.7,23.3,Alta,Mod,Neutral,Oscillating,Temprano (95),45,avoid
LVHI,ETF,Exchange Traded Fund,17/08/2026,18/08/2026,42.71,43,43.29,42.27,27/08/2026,42.27,-0.0103,LOSS,0.1,0.1,0,0.1,-0.35,-0.25,-0.47,-3.97,-3.5,Flat,-0.0042,-0.1729,0.0007,0.1733,Neutral,73.77,Strong/Strong Buy,1,B:11% N:16% Bu:24% S:49%,0.77,25,1.5:1,Señal máxima,44.8,0.7806,0.103,0.017,DÉBIL,ETF,,,,,Bullish,Oscillating,Temprano (85),65,buy
VO,ETF,Exchange Traded Fund,17/08/2026,18/08/2026,83.84,84.59,85.34,82.72,20/08/2026,82.72,-0.0134,LOSS,0.28,0.34,-0.06,0.25,-1.87,-1.62,-1.35,-7.43,-6.08,Saddle,0.0073,-1.988,-0.0152,1.9884,Esperar,67.64,Bullish/Strong Buy,0.859,B:11% N:16% Bu:24% S:48%,0.78,15,1.5:1,Acumulación,86.63,0.6875,0.028,0.033,DÉBIL,ETF,,,,,Bullish,Unstable,Temprano (100),45,avoid
INTF,ETF,Exchange Traded Fund,17/08/2026,18/08/2026,43.11,43.5,43.89,42.52,10/09/2026,42.52,-0.0137,LOSS,0.08,0.12,-0.04,0.09,-0.91,-0.82,-0.65,-3.9,-3.25,Saddle,0.0077,-0.7983,-0.0062,0.7985,Esperar,67.64,Bullish/Strong Buy,0.859,B:11% N:16% Bu:24% S:48%,0.78,15,1.5:1,Acumulación,44.5,0.6875,0.027,0.033,DÉBIL,ETF,,,,,Bullish,Oscillating,Temprano (85),65,buy
DFSI,ETF,Exchange Traded Fund,17/08/2026,18/08/2026,47.27,47.78,48.29,46.51,01/09/2026,46.51,-0.0161,LOSS,0.13,0.1,0.03,0.17,-0.9,-0.73,-0.82,-3.85,-3.03,Local Min,0.009,0.5019,0.0032,0.5046,Comprar,72.51,Bullish/Strong Buy,0.897,B:8% N:14% Bu:23% S:55%,0.78,15,1.5:1,Acumulación,48.9,0.6875,0.033,0.034,DÉBIL,ETF,,,,,Bullish,Oscillating,Temprano (85),65,buy
VRTX,Healthcare,Biotechnology,18/08/2026,,523.52,539.08,554.64,500.18,27/08/2026,,,SIN FILL,,,,,,,,,,,,,,,,,,,,,,,,,,,,,,,,,,,,,,
XOM,Energy,Oil & Gas Integrated,18/08/2026,24/08/2026,164.47,168.12,171.77,159,26/08/2026,158.99,-0.0333,LOSS,0.62,1.41,-0.79,1.05,-7.79,-6.74,-5.8,-23.22,-17.42,Local Max,-0.0153,-0.2318,0.0035,0.2323,Evitar,72.51,Bullish/Strong Buy,0.897,B:8% N:14% Bu:23% S:55%,0.88,71,1.5:1,Acumulación,174.6,0.8965,0.066,0.067,BUENO,-6.7,5.5,105.1,Alta,Mod,Bullish,Unstable,Fresco (60),45,avoid
OVV,Energy,Oil & Gas E&P,18/08/2026,25/08/2026,64.46,66.34,68.22,61.64,21/09/2026,61.64,-0.0437,LOSS,1.35,1.58,-0.23,1.48,-2.48,-1,-1.59,-11.6,-10.01,Local Max,-0.0048,-0.3904,0.0015,0.3914,Evitar,76.15,Bullish/Strong Buy,0.922,B:6% N:12% Bu:22% S:60%,0.94,66,1.5:1,Acumulación,68.52,0.8854,0.085,0.089,BUENO,-10.9,8.6,48.5,Alta,Bajo,Bullish,Oscillating,Fresco (65),65,buy
AIR,Industrials,Aerospace & Defense,18/08/2026,19/08/2026,147.08,153.54,160,137.39,20/08/2026,137.39,-0.0659,LOSS,1.03,1.05,-0.02,1.06,-5.93,-4.87,-4.09,-32.6,-28.51,Local Min,0.0073,0.1999,0.0013,0.2006,Comprar,67.64,Bullish/Strong Buy,0.859,B:11% N:16% Bu:24% S:48%,0.91,66,1.5:1,Acumulación,148.55,0.9223,0.145,0.026,BUENO,-9.4,5.5,49.1,Alta,Mod,Neutral,Oscillating,Temprano (95),45,avoid
LQDT,Consumer Cyclical,Internet Retail,18/08/2026,20/08/2026,42.8,44.32,45.84,40.52,01/09/2026,40.52,-0.0533,LOSS,0.23,0.41,-0.18,0.4,-2.12,-1.72,-1.45,-8.38,-6.93,Local Min,0.0207,0.1137,0.002,0.1182,Comprar,71.54,Bullish/Strong Buy,0.89,B:9% N:14% Bu:24% S:53%,0.91,61,1.5:1,Acumulación,45.03,0.8755,0.069,0.103,REGULAR,-10.1,6.9,40.7,Alta,Mod,Bullish,Oscillating,Maduro (50),65,buy
AVDV,ETF,Exchange Traded Fund,18/08/2026,,109.36,110.61,111.86,107.48,27/08/2026,,,SIN FILL,,,,,,,,,,,,,,,,,,,,,,,,,,,,,,,,,,,,,,
DFSV,ETF,Exchange Traded Fund,18/08/2026,20/08/2026,40.17,40.59,41.01,39.54,01/09/2026,39.54,-0.0157,LOSS,0.15,0.34,-0.19,0.29,-0.25,0.04,-0.2,-3.96,-3.76,Flat,-0.0022,-0.2975,0.0006,0.2977,Neutral,72.51,Bullish/Strong Buy,0.897,B:8% N:14% Bu:23% S:55%,0.78,25,1.5:1,Acumulación,41.62,0.7413,0.062,0.021,DÉBIL,ETF,,,,,Bullish,Oscillating,Temprano (95),65,buy
AVDE,ETF,Exchange Traded Fund,18/08/2026,,92.98,93.85,94.72,91.67,27/08/2026,,,SIN FILL,,,,,,,,,,,,,,,,,,,,,,,,,,,,,,,,,,,,,,
EZA,ETF,Exchange Traded Fund,19/08/2026,20/08/2026,69.84,71.33,72.82,67.61,16/09/2026,67.61,-0.0319,LOSS,0.33,-0.91,-0.58,-0.84,-3.67,-2.83,-2.84,-5.29,-2.45,Saddle,0.0538,-2.9409,-0.1672,2.9444,Esperar,67.64,Bullish/Strong Buy,0.859,B:11% N:16% Bu:24% S:48%,0.71,25,1.5:1,Acumulación,73.92,0.7675,0.094,0.143,DÉBIL,ETF,,,,,Bullish,Unstable,Maduro (40),45,avoid
RWL,ETF,Exchange Traded Fund,19/08/2026,20/08/2026,134.37,135.43,136.49,132.78,10/09/2026,132.78,-0.0118,LOSS,0.41,0.6,-0.19,0.46,-1.71,-1.25,-1.41,-13,-11.59,Flat,0.0007,0.0754,0.0001,0.0754,Neutral,72.51,Bullish/Strong Buy,0.897,B:8% N:14% Bu:23% S:55%,0.78,15,1.5:1,Acumulación,138.51,0.6834,0.025,0.025,DÉBIL,ETF,,,,,Bullish,Oscillating,Temprano (95),65,buy
RIO,Basic Materials,Other Industrial Metals & Mining,19/08/2026,20/08/2026,99.75,102.05,104.35,96.3,21/08/2026,104.35,0.0461,WIN,0.37,-1.13,-0.76,-0.93,-2.65,-1.72,-3.09,-11.6,-8.51,Saddle,0.069,-0.161,-0.0119,0.1797,Esperar,73.08,Strong/Strong Buy,1,B:11% N:16% Bu:24% S:48%,0.94,91,1.5:1,Señal máxima,110.32,0.95,0.158,0.172,EXCELENTE,7.3,8.1,47.2,Alta,Mod,Bullish,Unstable,Maduro (40),55,hold
CVX,Energy,Oil & Gas Integrated,19/08/2026,24/08/2026,204.49,208.72,212.95,198.15,26/08/2026,198.15,-0.031,LOSS,0.9,1.45,-0.55,1.05,-10.01,-8.96,-8.08,-27.5,-19.42,Flat,-0.0074,0.0457,-0.0005,0.0488,Neutral,72.51,Bullish/Strong Buy,0.897,B:8% N:14% Bu:23% S:55%,0.88,71,1.5:1,Acumulación,216.31,0.9034,0.06,0.078,BUENO,-7.1,5.9,384.8,Alta,Mod,Bullish,Unstable,Fresco (60),45,avoid
DVYE,ETF,Exchange Traded Fund,19/08/2026,,34.59,34.94,35.29,34.07,28/08/2026,,,SIN FILL,,,,,,,,,,,,,,,,,,,,,,,,,,,,,,,,,,,,,,
AVDV,ETF,Exchange Traded Fund,19/08/2026,20/08/2026,110.33,111.6,112.87,108.42,28/08/2026,112.87,0.023,WIN,0.37,0.29,0.08,0.26,-2.69,-2.43,-2.41,-10.89,-8.48,Saddle,0.0314,-0.4074,-0.0128,0.4087,Esperar,67.64,Bullish/Strong Buy,0.859,B:11% N:16% Bu:24% S:48%,0.71,25,1.5:1,Acumulación,115.86,0.7675,0.064,0.085,DÉBIL,ETF,,,,,Bullish,Unstable,Maduro (50),45,avoid
IEFA,ETF,Exchange Traded Fund,19/08/2026,20/08/2026,100.17,101.13,102.09,98.73,10/09/2026,98.73,-0.0144,LOSS,0.06,0.21,-0.15,0.2,-1.11,-0.91,-0.58,-7.52,-6.94,Flat,0.015,0.0358,0.0005,0.0393,Neutral,67.64,Bullish/Strong Buy,0.859,B:11% N:16% Bu:24% S:48%,0.78,15,1.5:1,Acumulación,104.22,0.6873,0.028,0.044,DÉBIL,ETF,,,,,Bullish,Oscillating,Temprano (85),65,buy
VONV,ETF,Exchange Traded Fund,19/08/2026,20/08/2026,113.25,114.16,115.07,111.89,20/08/2026,111.89,-0.012,LOSS,0.2,0.05,0.15,-0.02,-2.24,-2.22,-1.84,-13.34,-11.5,Saddle,0.0042,-0.2732,-0.0012,0.2735,Esperar,76.6,Strong/Strong Buy,1,B:8% N:14% Bu:23% S:55%,0.78,15,1.5:1,Señal máxima,118.15,0.7375,0.077,0.037,DÉBIL,ETF,,,,,Bullish,Oscillating,Temprano (75),65,buy
VOE,ETF,Exchange Traded Fund,19/08/2026,20/08/2026,208.41,210.27,212.13,205.62,01/09/2026,205.62,-0.0134,LOSS,0.72,1.41,-0.69,1.25,-2.43,-1.18,-2.29,-19.44,-17.15,Flat,-0.0005,0.121,-0.0001,0.1211,Neutral,76.6,Strong/Strong Buy,1,B:8% N:14% Bu:23% S:55%,0.77,15,1.5:1,Señal máxima,218.29,0.7275,0.079,0.032,DÉBIL,ETF,,,,,Bullish,Oscillating,Temprano (85),65,buy
IWD,ETF,Exchange Traded Fund,19/08/2026,20/08/2026,258.14,260.25,262.36,254.97,01/09/2026,254.96,-0.0123,LOSS,0.6,0.21,0.39,0.05,-5,-4.95,-4.07,-30.19,-26.12,Saddle,0.0045,-0.9179,-0.0042,0.9179,Esperar,72.51,Bullish/Strong Buy,0.897,B:8% N:14% Bu:23% S:55%,0.78,15,1.5:1,Acumulación,266.93,0.6875,0.025,0.035,DÉBIL,ETF,,,,,Bullish,Oscillating,Temprano (85),65,buy
IDEV,ETF,Exchange Traded Fund,19/08/2026,20/08/2026,92.52,93.37,94.22,91.24,10/09/2026,91.24,-0.0138,LOSS,0.18,0.31,-0.13,0.3,-1.05,-0.75,-0.52,-7.07,-6.55,Flat,0.0154,-0.0286,-0.0004,0.0325,Neutral,67.64,Bullish/Strong Buy,0.859,B:11% N:16% Bu:24% S:48%,0.78,15,1.5:1,Acumulación,96.46,0.6875,0.027,0.048,DÉBIL,ETF,,,,,Bullish,Oscillating,Temprano (85),65,buy
INTF,ETF,Exchange Traded Fund,19/08/2026,20/08/2026,42.8,43.18,43.56,42.23,14/09/2026,42.23,-0.0133,LOSS,0.07,0.15,-0.08,0.13,-0.52,-0.39,-0.27,-3.52,-3.25,Saddle,0.0146,-0.2915,-0.0044,0.2925,Esperar,72.51,Bullish/Strong Buy,0.897,B:8% N:14% Bu:23% S:55%,0.78,15,1.5:1,Acumulación,44.59,0.6875,0.026,0.049,DÉBIL,ETF,,,,,Bullish,Oscillating,Temprano (85),65,buy
DFSI,ETF,Exchange Traded Fund,19/08/2026,20/08/2026,47.03,47.54,48.05,46.27,09/09/2026,46.27,-0.0162,LOSS,0.09,0.17,-0.08,0.14,-0.57,-0.43,-0.5,-3.54,-3.04,Local Min,0.0131,0.3594,0.0039,0.3619,Comprar,72.51,Bullish/Strong Buy,0.897,B:8% N:14% Bu:23% S:55%,0.77,15,1.5:1,Acumulación,49.01,0.6875,0.032,0.045,DÉBIL,ETF,,,,,Bullish,Oscillating,Temprano (85),65,buy
ESGD,ETF,Exchange Traded Fund,19/08/2026,20/08/2026,106.24,107.25,108.26,104.72,10/09/2026,104.72,-0.0143,LOSS,0.27,0.55,-0.28,0.53,-0.83,-0.3,-0.28,-7.81,-7.53,Local Min,0.0145,0.673,0.0093,0.6738,Comprar,73.08,Strong/Strong Buy,1,B:11% N:16% Bu:24% S:48%,0.78,15,1.5:1,Señal máxima,111.77,0.7375,0.079,0.045,DÉBIL,ETF,,,,,Bullish,Oscillating,Temprano (85),65,buy
FMDE,ETF,Exchange Traded Fund,19/08/2026,20/08/2026,42.33,42.74,43.15,41.71,01/09/2026,41.71,-0.0146,LOSS,0.09,0.22,-0.13,,,,-0.49,-4.05,-3.56,Local Min,0.0101,0.1381,0.0014,0.1386,Comprar,67.64,Bullish/Strong Buy,0.859,B:11% N:16% Bu:24% S:48%,0.78,15,1.5:1,Acumulación,43.87,0.6875,0.029,0.045,DÉBIL,ETF,,,,,Bullish,Oscillating,Temprano (85),65,buy
VTV,ETF,Exchange Traded Fund,19/08/2026,20/08/2026,226.42,228.17,229.92,223.79,01/09/2026,223.79,-0.0116,LOSS,0.63,0.78,-0.15,0.61,-3.54,-2.93,-3.34,-22.67,-19.33,Local Min,0.0032,0.441,0.0014,0.441,Comprar,67.64,Bullish/Strong Buy,0.859,B:11% N:16% Bu:24% S:48%,0.78,15,1.5:1,Acumulación,234.09,0.6755,0.024,0.027,DÉBIL,ETF,,,,,Bullish,Oscillating,Temprano (85),65,buy
FEOE,ETF,Exchange Traded Fund,19/08/2026,,55.9,56.53,57.16,54.95,28/08/2026,,,SIN FILL,,,,,,,,,,,,,,,,,,,,,,,,,,,,,,,,,,,,,,
FEOE,ETF,Exchange Traded Fund,20/08/2026,31/08/2026,56.01,56.63,57.25,55.08,10/09/2026,55.08,-0.0166,LOSS,0.13,0.31,-0.18,0.29,-0.3,-0.01,0,-4.19,-4.19,Saddle,-0.0026,1.8308,-0.006,1.8315,Esperar,71.68,Strong/Strong Buy,1,B:13% N:17% Bu:25% S:45%,0.78,15,1.5:1,Espera,58.07,0.632,0.032,0.011,DÉBIL,ETF,,,,,Bullish,Oscillating,Temprano (95),65,buy
FEGE,ETF,Exchange Traded Fund,20/08/2026,,52.54,53.06,53.58,51.76,31/08/2026,,,SIN FILL,,,,,,,,,,,,,,,,,,,,,,,,,,,,,,,,,,,,,,
PBR,Energy,Oil & Gas Integrated,20/08/2026,21/08/2026,18.85,19.37,19.89,18.07,24/08/2026,18.07,-0.0414,LOSS,0.24,0.07,0.17,0.05,-0.55,-0.5,-1.01,-2.44,-1.43,Saddle,-0.0267,0.1382,-0.004,0.143,Esperar,70.21,Strong/Strong Buy,1,B:14% N:18% Bu:25% S:42%,0.89,100,1.5:1,Señal máxima,20.57,0.95,0.166,0.02,EXCELENTE,11,10.1,96.8,Alta,Mod,Bullish,Unstable,Temprano (90),45,avoid
CF,Basic Materials,Agricultural Inputs,20/08/2026,27/08/2026,124.22,129.16,134.1,116.81,01/09/2026,134.1,0.0795,WIN,1.68,2.82,-1.14,2.5,-2.77,-0.27,-1.78,-15.42,-13.64,Saddle,-0.0361,0.0701,-0.003,0.0843,Esperar,55.94,Neutral/Strong Buy,0.534,B:11% N:16% Bu:24% S:48%,0.79,100,1.5:1,Espera,133.59,0.95,0.149,0.005,EXCELENTE,17.9,12.9,88.3,Alta,Mod,Neutral,Unstable,Temprano (90),25,avoid
VIST,Energy,Oil & Gas E&P,20/08/2026,21/08/2026,69.57,72.66,75.75,64.93,02/09/2026,75.75,0.0888,WIN,0.96,0.98,-0.02,0.76,-1.78,-1.02,-1.62,-7.29,-5.67,Local Max,-0.0153,-0.4351,0.0055,0.438,Evitar,52.3,Neutral/Buy,0.493,B:13% N:18% Bu:24% S:44%,0.79,96,1.5:1,Espera,73.9,0.95,0.164,0.001,EXCELENTE,10.5,10,36.7,Alta,Mod,Neutral,Unstable,Temprano (100),25,avoid
RIO,Basic Materials,Other Industrial Metals & Mining,20/08/2026,,101.45,103.85,106.25,97.85,31/08/2026,,,SIN FILL,,,,,,,,,,,,,,,,,,,,,,,,,,,,,,,,,,,,,,
PBYI,Healthcare,Biotechnology,20/08/2026,24/08/2026,8.99,9.4,9.81,8.38,22/09/2026,9.81,0.0912,WIN,0.08,0.16,-0.08,0.17,-0.45,-0.28,-0.27,-2.03,-1.76,Local Min,0.0372,0.4984,0.0185,0.4998,Comprar,72.51,Bullish/Strong Buy,0.897,B:8% N:14% Bu:23% S:55%,0.94,86,1.5:1,Acumulación,9.76,0.95,0.134,0.141,EXCELENTE,28.8,9.8,39.9,Alta,Mod,Bullish,Unstable,Maduro (40),45,avoid
BP,Energy,Oil & Gas Integrated,20/08/2026,21/08/2026,44.83,45.85,46.87,43.3,25/08/2026,43.3,-0.0341,LOSS,0.2,-0.27,-0.07,-0.38,-2.14,-1.76,-2.01,-5.34,-3.33,Saddle,-0.0287,0.1099,-0.0033,0.1151,Esperar,63.55,Bullish/Strong Buy,0.824,B:14% N:18% Bu:25% S:42%,0.89,66,1.5:1,Acumulación,47.44,0.8593,0.067,0.034,BUENO,-10.4,5,140.1,Alta,Bajo,Bullish,Oscillating,Temprano (90),65,buy
HAL,Energy,Oil & Gas Equipment & Services,20/08/2026,21/08/2026,35.4,36.38,37.36,33.93,25/08/2026,33.93,-0.0415,LOSS,0.14,-0.16,-0.02,-0.22,-1.47,-1.25,-1.61,-1.92,-0.31,Saddle,0.0244,-0.3425,-0.0114,0.3522,Esperar,71.54,Bullish/Strong Buy,0.89,B:9% N:14% Bu:24% S:53%,0.94,65,1.5:1,Acumulación,37.6,0.8694,0.082,0.059,BUENO,-4.4,7.3,13.1,Alta,Mod,Bullish,Unstable,Temprano (85),45,avoid
VONV,ETF,Exchange Traded Fund,20/08/2026,,112.06,113.01,113.96,110.64,31/08/2026,,,SIN FILL,,,,,,,,,,,,,,,,,,,,,,,,,,,,,,,,,,,,,,
ESGD,ETF,Exchange Traded Fund,20/08/2026,,105.97,106.95,107.93,104.5,31/08/2026,,,SIN FILL,,,,,,,,,,,,,,,,,,,,,,,,,,,,,,,,,,,,,,
FEOE,ETF,Exchange Traded Fund,21/08/2026,24/08/2026,56.48,57.15,57.82,55.47,09/09/2026,55.47,-0.0179,LOSS,0.23,-0.09,0.14,-0.09,-1.11,-1.02,-0.73,-4.89,-4.16,Local Min,0.005,2.0668,0.0086,2.0677,Comprar,63.55,Bullish/Strong Buy,0.824,B:14% N:18% Bu:25% S:42%,0.78,15,1.5:1,Acumulación,58.74,0.6638,0.034,0.041,DÉBIL,ETF,,,,,Bullish,Unstable,Temprano (90),45,avoid
PBR,Energy,Oil & Gas Integrated,21/08/2026,24/08/2026,19,19.5,20,18.25,25/08/2026,18.25,-0.0395,LOSS,0.1,-0.02,0.08,-0.1,-0.68,-0.58,-1.13,-2.57,-1.44,Saddle,-0.0168,0.2209,-0.0041,0.2234,Esperar,70.21,Strong/Strong Buy,1,B:14% N:18% Bu:25% S:42%,0.89,100,1.5:1,Acumulación,19.8,0.95,0.116,0.033,EXCELENTE,11,10.1,96.8,Alta,Mod,Bullish,Oscillating,Temprano (100),65,buy
BVN,Basic Materials,Other Precious Metals & Mining,21/08/2026,24/08/2026,35.03,36.5,37.97,32.83,14/09/2026,32.83,-0.0628,LOSS,0.26,0.16,0.1,0.1,-1.99,-1.89,-1.61,-4.44,-2.83,Local Min,0.0159,0.7556,0.0087,0.7602,Comprar,73.08,Strong/Strong Buy,1,B:11% N:16% Bu:24% S:48%,0.94,100,1.5:1,Señal máxima,38.11,0.95,0.218,0.11,EXCELENTE,15.8,10.8,160,Alta,Mod,Bullish,Unstable,Fresco (55),45,avoid
HRMY,Healthcare,Biotechnology,21/08/2026,24/08/2026,37.74,39.09,40.44,35.72,26/08/2026,40.44,0.0715,WIN,0.46,0.77,-0.31,0.7,-0.41,0.29,0.21,-3.79,-3.58,Flat,0.0119,0.0977,0.001,0.1005,Neutral,79.31,Strong/Strong Buy,1,B:6% N:12% Bu:22% S:60%,0.94,100,1.5:1,Señal máxima,41.38,0.95,0.196,0.069,EXCELENTE,27.3,11.6,89.6,Alta,Bajo,Bullish,Unstable,Temprano (75),45,avoid
CF,Basic Materials,Agricultural Inputs,21/08/2026,24/08/2026,128.11,133.06,138.01,120.69,02/09/2026,138.01,0.0773,WIN,1.15,0.05,1.1,-0.44,-7.77,-7.33,-6.98,-19.84,-12.86,Local Max,-0.0101,-0.1795,0.0017,0.1803,Evitar,67.64,Bullish/Strong Buy,0.859,B:11% N:16% Bu:24% S:48%,0.87,100,1.5:1,Espera,137.84,0.95,0.148,0.084,EXCELENTE,17.9,12.9,88.3,Alta,Mod,Bullish,Damped,Maduro (50),85,buy
FCFS,Financial,Credit Services,21/08/2026,26/08/2026,222.75,231.2,239.65,210.07,30/09/2026,210.08,-0.0569,LOSS,1.46,4.48,-3.02,3.88,-7.9,-4.02,-7,-27.59,-20.59,Saddle,0.0392,-0.0842,-0.0049,0.109,Esperar,71.54,Bullish/Strong Buy,0.89,B:9% N:14% Bu:24% S:53%,0.94,76,1.5:1,Acumulación,235.12,0.95,0.131,0.089,BUENO,-0.8,8.3,56.3,Alta,Mod,Bullish,Unstable,Temprano (85),45,avoid
KOF,Consumer Defensive,Beverages - Non-Alcoholic,21/08/2026,31/08/2026,111.46,113.88,116.3,107.83,29/09/2026,107.83,-0.0326,LOSS,0.85,1.99,-1.14,1.73,-1.08,0.65,-0.21,-9.91,-9.7,Saddle,0.0089,-0.2069,-0.0019,0.2071,Esperar,72.51,Bullish/Strong Buy,0.897,B:8% N:14% Bu:23% S:55%,0.86,60,1.5:1,Acumulación,118.16,0.8725,0.065,0.039,REGULAR,-12.6,7.7,16.9,Alta,Mod,Neutral,Oscillating,Temprano (95),45,avoid
VYMI,ETF,Exchange Traded Fund,21/08/2026,24/08/2026,105.01,105.81,106.61,103.81,03/09/2026,106.61,0.0152,WIN,0.22,-0.2,0.02,-0.21,-1.72,-1.51,-1.89,-10.78,-8.89,Flat,-0.0039,-0.0194,0.0001,0.0205,Neutral,73.77,Strong/Strong Buy,1,B:11% N:16% Bu:24% S:49%,0.6,25,1.5:1,Señal máxima,110.36,0.7916,0.105,0.029,DÉBIL,ETF,,,,,Bullish,Unstable,Temprano (75),45,avoid
DFAI,ETF,Exchange Traded Fund,21/08/2026,24/08/2026,43.24,43.62,44,42.67,01/09/2026,42.67,-0.0132,LOSS,0.09,-0.03,0.06,-0.04,-0.67,-0.63,-0.6,-3.68,-3.08,Flat,0.0061,0.0479,0.0003,0.0484,Neutral,63.55,Bullish/Strong Buy,0.824,B:14% N:18% Bu:25% S:42%,0.78,15,1.5:1,Acumulación,45.11,0.6875,0.025,0.041,DÉBIL,ETF,,,,,Bullish,Oscillating,Temprano (85),65,buy
VONV,ETF,Exchange Traded Fund,21/08/2026,31/08/2026,112.54,113.46,114.38,111.16,10/09/2026,111.16,-0.0123,LOSS,0.31,0.62,-0.31,0.56,-0.7,-0.14,-0.5,-11.77,-11.27,Local Max,-0.0043,-0.3041,0.0013,0.3043,Evitar,71.68,Strong/Strong Buy,1,B:13% N:17% Bu:25% S:45%,0.78,15,1.5:1,Espera,116.64,0.6319,0.022,0.011,DÉBIL,ETF,,,,,Bullish,Oscillating,Temprano (85),65,buy
INTF,ETF,Exchange Traded Fund,21/08/2026,24/08/2026,43.03,43.41,43.79,42.46,10/09/2026,42.46,-0.0132,LOSS,0.09,-0.03,0.06,-0.04,-0.66,-0.62,-0.39,-3.68,-3.29,Saddle,0.0048,-0.594,-0.0029,0.5941,Esperar,63.55,Bullish/Strong Buy,0.824,B:14% N:18% Bu:25% S:42%,0.78,15,1.5:1,Acumulación,44.89,0.6875,0.025,0.04,DÉBIL,ETF,,,,,Bullish,Oscillating,Temprano (85),65,buy
AVDE,ETF,Exchange Traded Fund,21/08/2026,24/08/2026,94,94.86,95.72,92.71,01/09/2026,92.71,-0.0137,LOSS,0.22,-0.09,0.13,-0.1,-1.64,-1.54,-1.35,-8.16,-6.81,Local Min,0.0066,0.4875,0.0032,0.4876,Comprar,63.55,Bullish/Strong Buy,0.824,B:14% N:18% Bu:25% S:42%,0.78,15,1.5:1,Acumulación,98.01,0.6875,0.026,0.044,DÉBIL,ETF,,,,,Bullish,Oscillating,Temprano (85),65,buy
DFAW,ETF,Exchange Traded Fund,21/08/2026,24/08/2026,85.09,85.88,86.67,83.91,10/09/2026,83.91,-0.0139,LOSS,0.22,0.24,-0.02,0.17,-0.7,-0.53,-0.57,-7,-6.43,Flat,0.0072,-0.0748,-0.0007,0.0771,Neutral,72.51,Bullish/Strong Buy,0.897,B:8% N:14% Bu:23% S:55%,0.77,15,1.5:1,Acumulación,88.61,0.6875,0.027,0.031,DÉBIL,ETF,,,,,Bullish,Oscillating,Temprano (95),65,buy
DFIC,ETF,Exchange Traded Fund,21/08/2026,24/08/2026,39.3,39.64,39.98,38.79,01/09/2026,38.79,-0.013,LOSS,0.09,-0.04,0.05,-0.05,-0.72,-0.67,-0.66,-3.46,-2.8,Saddle,0.0069,-0.2061,-0.0014,0.2062,Esperar,63.55,Bullish/Strong Buy,0.824,B:14% N:18% Bu:25% S:42%,0.78,15,1.5:1,Acumulación,40.99,0.6875,0.025,0.045,DÉBIL,ETF,,,,,Bullish,Unstable,Temprano (100),45,avoid
BVN,Basic Materials,Other Precious Metals & Mining,24/08/2026,25/08/2026,34.76,36.24,37.72,32.54,14/09/2026,32.54,-0.0639,LOSS,0.48,0.43,0.05,0.36,-1.7,-1.34,-1.1,-4.11,-3.01,Local Min,0.0272,0.2983,0.0047,0.3107,Comprar,67.64,Bullish/Strong Buy,0.859,B:11% N:16% Bu:24% S:48%,0.88,100,1.5:1,Acumulación,38.56,0.95,0.159,0.183,EXCELENTE,15.8,10.8,160,Alta,Mod,Bullish,Unstable,Tardio (25),55,hold
HRMY,Healthcare,Biotechnology,24/08/2026,,38.09,39.44,40.79,36.07,02/09/2026,,,SIN FILL,,,,,,,,,,,,,,,,,,,,,,,,,,,,,,,,,,,,,,
FCFS,Financial,Credit Services,24/08/2026,25/08/2026,233.75,242.67,251.59,220.37,26/08/2026,220.38,-0.0572,LOSS,0.16,-10.02,-9.86,-9.42,-20.66,-11.24,-18.43,-38.83,-20.4,Saddle,0.0376,-0.0215,-0.0012,0.0524,Esperar,73.08,Strong/Strong Buy,1,B:11% N:16% Bu:24% S:48%,0.94,76,1.5:1,Señal máxima,247.5,0.95,0.174,0.112,BUENO,-0.7,8.3,56.3,Alta,Mod,Bullish,Oscillating,Fresco (55),65,buy
IWD,ETF,Exchange Traded Fund,24/08/2026,25/08/2026,257.71,259.75,261.79,254.65,01/09/2026,254.64,-0.0119,LOSS,0.41,0.18,0.23,0.16,-3.71,-3.55,-2.86,-28.9,-26.04,Local Max,-0.0033,-0.5071,0.0017,0.5071,Evitar,73.77,Strong/Strong Buy,1,B:11% N:16% Bu:24% S:49%,0.78,15,1.5:1,Señal máxima,271.05,0.7279,0.074,0.025,DÉBIL,ETF,,,,,Bullish,Unstable,Temprano (90),45,avoid
EWG,ETF,Exchange Traded Fund,25/08/2026,26/08/2026,44.33,44.73,45.13,43.73,01/09/2026,43.73,-0.0135,LOSS,0.07,-0.01,0.06,-0.04,-1.01,-0.97,-0.67,-2.91,-2.24,Saddle,0.0102,-0.6103,-0.0063,0.6105,Esperar,73.77,Strong/Strong Buy,1,B:11% N:16% Bu:24% S:49%,0.85,15,1.5:1,Acumulación,46.05,0.6491,0.027,0.057,DÉBIL,ETF,,,,,Bullish,Unstable,Temprano (75),45,avoid
HRMY,Healthcare,Biotechnology,25/08/2026,,38.55,39.87,41.19,36.57,03/09/2026,,,SIN FILL,,,,,,,,,,,,,,,,,,,,,,,,,,,,,,,,,,,,,,
SQM,Basic Materials,Specialty Chemicals,25/08/2026,26/08/2026,78.36,81.19,84.02,74.11,10/09/2026,74.11,-0.0542,LOSS,0.72,1.78,-1.06,1.65,-4.12,-2.47,-4.55,-8.54,-3.99,Saddle,0.0595,-0.1354,-0.0095,0.1571,Esperar,71.54,Bullish/Strong Buy,0.89,B:9% N:14% Bu:24% S:53%,0.94,90,1.5:1,Acumulación,83.53,0.95,0.106,0.159,EXCELENTE,9.8,11.6,646.4,Alta,Bajo,Bullish,Unstable,Maduro (40),45,avoid
FCFS,Financial,Credit Services,25/08/2026,26/08/2026,226.79,235.85,244.91,213.2,31/08/2026,213.21,-0.0599,LOSS,1.55,1.38,0.17,0.64,-12.11,-11.47,-11.04,-31.63,-20.59,Saddle,0.0392,-0.0842,-0.0049,0.109,Esperar,71.54,Bullish/Strong Buy,0.89,B:9% N:14% Bu:24% S:53%,0.94,76,1.5:1,Acumulación,235.12,0.95,0.131,0.089,BUENO,-0.8,8.3,56.3,Alta,Mod,Bullish,Unstable,Temprano (85),45,avoid
FNDE,ETF,Exchange Traded Fund,25/08/2026,,41.83,42.22,42.61,41.24,03/09/2026,,,SIN FILL,,,,,,,,,,,,,,,,,,,,,,,,,,,,,,,,,,,,,,
VYMI,ETF,Exchange Traded Fund,25/08/2026,26/08/2026,105.68,106.44,107.2,104.54,27/08/2026,104.54,-0.0108,LOSS,0.13,-0.22,-0.09,-0.25,-2.08,-1.83,-2.23,-11.24,-9.01,Flat,-0.0007,-0.1016,0.0001,0.1017,Neutral,73.77,Strong/Strong Buy,1,B:11% N:16% Bu:24% S:49%,0.6,25,1.5:1,Señal máxima,110.58,0.7815,0.104,0.036,DÉBIL,ETF,,,,,Bullish,Unstable,Temprano (75),45,avoid
IQLT,ETF,Exchange Traded Fund,25/08/2026,26/08/2026,52.21,52.64,53.07,51.56,31/08/2026,51.56,-0.0124,LOSS,0.06,-0.07,-0.01,-0.1,-1.16,-1.06,-0.8,-4.66,-3.86,Local Min,0.0129,0.3714,0.0041,0.3734,Comprar,72.51,Bullish/Strong Buy,0.897,B:8% N:14% Bu:23% S:55%,0.85,15,1.5:1,Acumulación,54.17,0.6806,0.025,0.052,DÉBIL,ETF,,,,,Bullish,Unstable,Temprano (75),45,avoid
DFAI,ETF,Exchange Traded Fund,25/08/2026,26/08/2026,43.44,43.8,44.16,42.9,28/08/2026,42.9,-0.0124,LOSS,0.06,-0.05,0.01,-0.06,-0.76,-0.7,-0.68,-3.81,-3.13,Local Min,0.0113,0.1936,0.0022,0.1941,Comprar,63.55,Bullish/Strong Buy,0.824,B:14% N:18% Bu:25% S:42%,0.78,15,1.5:1,Acumulación,45.07,0.6725,0.024,0.049,DÉBIL,ETF,,,,,Bullish,Unstable,Temprano (100),45,avoid
ESGD,ETF,Exchange Traded Fund,25/08/2026,26/08/2026,107.45,108.39,109.33,106.04,01/09/2026,106.04,-0.0131,LOSS,0.14,-0.15,-0.01,-0.15,-1.62,-1.47,-1.04,-8.67,-7.63,Local Min,0.0119,0.7891,0.0087,0.7901,Comprar,63.55,Bullish/Strong Buy,0.824,B:14% N:18% Bu:25% S:42%,0.73,15,1.5:1,Acumulación,110.87,0.6476,0.026,0.046,DÉBIL,ETF,,,,,Bullish,Unstable,Temprano (100),45,avoid
VGK,ETF,Exchange Traded Fund,25/08/2026,26/08/2026,92.97,93.7,94.43,91.88,27/08/2026,91.88,-0.0117,LOSS,0.1,-0.16,-0.06,-0.19,-1.74,-1.55,-1.4,-7.89,-6.49,Local Min,0.0096,0.5874,0.0053,0.5881,Comprar,67.38,Strong/Strong Buy,1,B:18% N:20% Bu:25% S:38%,0.78,15,1.5:1,Acumulación,96.23,0.6463,0.023,0.043,DÉBIL,ETF,,,,,Bullish,Unstable,Temprano (100),45,avoid
BVN,Basic Materials,Other Precious Metals & Mining,26/08/2026,27/08/2026,35.73,37.22,38.71,33.49,01/09/2026,33.49,-0.0627,LOSS,0.57,0.15,0.42,0.17,-2.28,-2.11,-1.6,-4.97,-3.37,Local Min,0.0106,0.7092,0.006,0.7115,Comprar,73.08,Strong/Strong Buy,1,B:11% N:16% Bu:24% S:48%,0.88,100,1.5:1,Señal máxima,39.39,0.95,0.215,0.139,EXCELENTE,15.8,10.8,160,Alta,Mod,Bullish,Unstable,Tardio (25),55,hold
HRMY,Healthcare,Biotechnology,26/08/2026,27/08/2026,39.26,40.6,41.94,37.25,02/09/2026,41.94,0.0683,WIN,0.37,-0.13,0.24,-0.14,-1.61,-1.47,-0.9,-5.15,-4.25,Flat,0.0266,-0.0196,-0.0006,0.0363,Neutral,76.6,Strong/Strong Buy,1,B:8% N:14% Bu:23% S:55%,0.94,100,1.5:1,Señal máxima,42.95,0.95,0.188,0.112,EXCELENTE,27.3,11.6,89.6,Alta,Bajo,Bullish,Unstable,Maduro (40),45,avoid
FHI,Financial,Asset Management,26/08/2026,27/08/2026,64.63,66.16,67.69,62.33,01/09/2026,62.33,-0.0356,LOSS,0.3,0.15,0.15,0.15,-2.23,-2.08,-1.35,-9.02,-7.67,Flat,0.0051,-0.0337,-0.0002,0.0347,Neutral,76.6,Strong/Strong Buy,1,B:8% N:14% Bu:23% S:55%,0.94,94,1.5:1,Señal máxima,69.69,0.95,0.156,0.097,EXCELENTE,13,14.8,14.6,Alta,Mod,Bullish,Unstable,Fresco (65),45,avoid
KOF,Consumer Defensive,Beverages - Non-Alcoholic,26/08/2026,27/08/2026,114.04,116.6,119.16,110.2,08/09/2026,110.2,-0.0337,LOSS,0.55,0.69,-0.14,0.78,-4.04,-3.26,-2.92,-12.7,-9.78,Local Max,-0.002,-0.7497,0.0015,0.7497,Evitar,72.51,Bullish/Strong Buy,0.897,B:8% N:14% Bu:23% S:55%,0.86,60,1.5:1,Acumulación,120.15,0.8725,0.067,0.036,REGULAR,-12.3,7.7,16.9,Alta,Mod,Bullish,Oscillating,Temprano (75),65,buy
DFAW,ETF,Exchange Traded Fund,26/08/2026,27/08/2026,85.17,85.9,86.63,84.08,01/09/2026,84.08,-0.0128,LOSS,0.26,0.13,0.13,0.15,-0.61,-0.46,-0.47,-6.87,-6.4,Flat,0.0077,0.0804,0.0006,0.0812,Neutral,72.51,Bullish/Strong Buy,0.897,B:8% N:14% Bu:23% S:55%,0.78,15,1.5:1,Acumulación,88.75,0.6605,0.025,0.035,DÉBIL,ETF,,,,,Bullish,Unstable,Temprano (100),45,avoid
ANET,Technology,Computer Hardware,27/08/2026,28/08/2026,198.4,207.37,216.34,184.94,02/09/2026,184.95,-0.0678,LOSS,1.72,-0.23,1.49,-0.56,-10.29,-9.73,-6.85,-42.17,-35.32,Saddle,-0.0121,0.0729,-0.0013,0.079,Esperar,73.08,Strong/Strong Buy,1,B:11% N:16% Bu:24% S:48%,0.94,80,1.5:1,Acumulación,205.66,0.9402,0.101,0.083,EXCELENTE,11,14.1,36.5,Alta,Mod,Bullish,Unstable,Temprano (75),45,avoid
BVN,Basic Materials,Other Precious Metals & Mining,27/08/2026,28/08/2026,35.85,37.34,38.83,33.62,01/09/2026,33.62,-0.0622,LOSS,0.52,0.31,0.21,0.18,-2.21,-2.03,-1.62,-5.05,-3.43,Local Min,0.0318,0.8202,0.0218,0.8259,Comprar,75.88,Strong/Strong Buy,1,B:9% N:14% Bu:24% S:53%,0.94,100,1.5:1,Señal máxima,37.91,0.95,0.224,0.16,EXCELENTE,15.8,10.8,160,Alta,Mod,Bullish,Oscillating,Maduro (50),65,buy
HRMY,Healthcare,Biotechnology,27/08/2026,28/08/2026,39.48,40.79,42.1,37.51,02/09/2026,42.1,0.0664,WIN,0.24,-0.1,0.14,-0.11,-1.7,-1.59,-1.04,-5.32,-4.28,Flat,0.0399,0.0221,0.0007,0.0493,Neutral,76.6,Strong/Strong Buy,1,B:8% N:14% Bu:23% S:55%,0.94,100,1.5:1,Acumulación,41.77,0.95,0.13,0.113,EXCELENTE,27.3,11.6,89.6,Alta,Bajo,Bullish,Unstable,Fresco (65),45,avoid
FHI,Financial,Asset Management,27/08/2026,31/08/2026,64.41,65.9,67.39,62.17,01/09/2026,62.17,-0.0348,LOSS,0.17,0.47,-0.3,0.34,-1.7,-1.36,-1,-8.64,-7.64,Local Max,-0.0253,-0.0431,0.001,0.0516,Evitar,73.77,Strong/Strong Buy,1,B:11% N:16% Bu:24% S:49%,0.91,94,1.5:1,Acumulación,67.63,0.9319,0.1,0.001,EXCELENTE,12.7,14.8,14.6,Alta,Mod,Bullish,Oscillating,Temprano (75),65,buy
SHEL,Energy,Oil & Gas Integrated,27/08/2026,,90.27,91.69,93.11,88.14,08/09/2026,,,SIN FILL,,,,,,,,,,,,,,,,,,,,,,,,,,,,,,,,,,,,,,
TOST,Technology,Software - Infrastructure,27/08/2026,28/08/2026,34.8,36.05,37.3,32.92,02/09/2026,32.92,-0.054,LOSS,0.52,1.24,-0.72,1.15,-0.94,0.21,-0.03,-3.68,-3.65,Saddle,-0.0073,0.1732,-0.0013,0.1737,Esperar,76.6,Strong/Strong Buy,1,B:8% N:14% Bu:23% S:55%,0.94,76,1.5:1,Acumulación,36.91,0.88,0.073,0.089,BUENO,4.7,9.2,92.5,Alta,Mod,Bullish,Oscillating,Maduro (50),65,buy
VYMI,ETF,Exchange Traded Fund,27/08/2026,28/08/2026,104.86,105.61,106.36,103.73,03/09/2026,106.36,0.0143,WIN,0.27,0.39,-0.12,0.34,-1.03,-0.69,-1.26,-10.23,-8.97,Flat,-0.007,-0.1205,0.0008,0.1208,Neutral,70.91,Strong/Strong Buy,1,B:13% N:18% Bu:24% S:44%,0.78,25,1.5:1,Acumulación,109.35,0.7246,0.052,0.015,DÉBIL,ETF,,,,,Bullish,Oscillating,Temprano (85),65,buy
FEGE,ETF,Exchange Traded Fund,28/08/2026,31/08/2026,53.14,53.6,54.06,52.45,09/09/2026,52.45,-0.013,LOSS,0.09,0.13,-0.04,0.09,-1.13,-1.04,-0.65,-4.68,-4.03,Flat,0.0032,0.1216,0.0004,0.1217,Neutral,68.61,Bullish/Strong Buy,0.867,B:11% N:16% Bu:24% S:49%,0.78,15,1.5:1,Acumulación,55.03,0.6638,0.025,0.035,DÉBIL,ETF,,,,,Bullish,Oscillating,Temprano (75),65,buy
BVN,Basic Materials,Other Precious Metals & Mining,28/08/2026,31/08/2026,34.66,36.2,37.74,32.35,16/09/2026,32.35,-0.0666,LOSS,0.49,1.06,-0.57,0.91,-0.92,-0.01,-0.43,-3.83,-3.4,Local Min,0.0248,0.7759,0.0161,0.7804,Comprar,75.88,Strong/Strong Buy,1,B:9% N:14% Bu:24% S:53%,0.94,100,1.5:1,Señal máxima,36.96,0.95,0.223,0.126,EXCELENTE,15.8,10.8,160,Alta,Mod,Bullish,Oscillating,Temprano (75),65,buy
SCCO,Basic Materials,Copper,28/08/2026,31/08/2026,207.2,215.87,224.54,194.19,10/09/2026,194.19,-0.0628,LOSS,2.57,6.16,-3.59,5.35,-10.74,-5.39,-6.11,-38.49,-32.38,Local Min,0.0245,0.2372,0.004,0.2459,Comprar,71.54,Bullish/Strong Buy,0.89,B:9% N:14% Bu:24% S:53%,0.93,85,1.5:1,Acumulación,223.2,0.95,0.121,0.157,EXCELENTE,37.9,25.7,71.6,Alta,Bajo,Bullish,Oscillating,Tardio (35),65,buy
A,Healthcare,Diagnostics & Research,28/08/2026,31/08/2026,152.51,156.93,161.35,145.88,09/09/2026,145.88,-0.0435,LOSS,2.16,2.64,-0.48,2.3,-5.18,-2.88,-2.05,-20.69,-18.64,Flat,0.0065,0.0934,0.0006,0.0938,Neutral,76.6,Strong/Strong Buy,1,B:8% N:14% Bu:23% S:55%,0.94,69,1.5:1,Señal activa,165.05,0.9495,0.138,0.098,BUENO,27.7,8.7,7.7,Aceptable,Mod,Bullish,Unstable,Fresco (65),45,avoid
HDEF,ETF,Exchange Traded Fund,28/08/2026,08/09/2026,33.84,34.1,34.36,33.45,10/09/2026,33.45,-0.0115,LOSS,0.1,0.32,-0.22,0.32,0.08,0.24,-0.06,-2.23,-2.17,Saddle,-0.0113,0.3557,-0.004,0.3559,Esperar,55.07,Bullish/Strong Buy,0.741,B:22% N:21% Bu:24% S:33%,0.4,15,1.5:1,Espera,34.17,0.6927,0.055,-0.006,DÉBIL,ETF,,,,,Neutral,Oscillating,Temprano (90),45,avoid
ANET,Technology,Computer Hardware,31/08/2026,01/09/2026,193.04,201.88,210.72,179.78,25/09/2026,210.72,0.0916,WIN,2.63,3.06,-0.43,2.56,-4.01,-1.45,-1.35,-36.09,-34.74,Saddle,-0.0118,0.1163,-0.0019,0.1217,Esperar,70.21,Strong/Strong Buy,1,B:14% N:18% Bu:25% S:42%,0.91,80,1.5:1,Acumulación,199.1,0.935,0.105,0.024,EXCELENTE,11,14.1,36.5,Alta,Mod,Bullish,Unstable,Temprano (100),45,avoid
BVN,Basic Materials,Other Precious Metals & Mining,31/08/2026,01/09/2026,33.85,35.35,36.85,31.6,28/09/2026,31.6,-0.0665,LOSS,0.45,1.23,-0.78,1.18,-0.06,1.12,0.31,-2.99,-2.68,Local Min,0.0186,0.6232,0.0106,0.6251,Comprar,52.3,Neutral/Buy,0.493,B:13% N:18% Bu:24% S:44%,0.89,100,1.5:1,Espera,35.33,0.95,0.171,0.097,EXCELENTE,15.8,10.8,160,Alta,Mod,Neutral,Oscillating,Temprano (85),45,avoid
SHEL,Energy,Oil & Gas Integrated,31/08/2026,,91.03,92.42,93.81,88.95,10/09/2026,,,SIN FILL,,,,,,,,,,,,,,,,,,,,,,,,,,,,,,,,,,,,,,
MATX,Industrials,Marine Shipping,31/08/2026,01/09/2026,223.03,228.98,234.93,214.1,14/09/2026,234.94,0.0534,WIN,1.52,0.74,0.78,0.76,-7.58,-6.82,-5.26,-47.13,-41.87,Saddle,0.0104,-0.1582,-0.0017,0.159,Esperar,71.54,Bullish/Strong Buy,0.89,B:9% N:14% Bu:24% S:53%,0.93,91,1.5:1,Acumulación,233.77,0.95,0.118,0.059,EXCELENTE,-5.5,6.9,36.6,Alta,Mod,Neutral,Oscillating,Temprano (75),45,avoid
CVX,Energy,Oil & Gas Integrated,31/08/2026,,204.93,208.97,213.01,198.87,10/09/2026,,,SIN FILL,,,,,,,,,,,,,,,,,,,,,,,,,,,,,,,,,,,,,,
A,Healthcare,Diagnostics & Research,31/08/2026,01/09/2026,152.28,156.56,160.84,145.86,09/09/2026,145.85,-0.0422,LOSS,0.9,1.59,-0.69,1.56,-4.57,-3.01,-1.87,-20.28,-18.41,Flat,0.0006,0.0633,0,0.0633,Neutral,79.31,Strong/Strong Buy,1,B:6% N:12% Bu:22% S:60%,0.94,69,1.5:1,Señal activa,161.25,0.9495,0.145,0.073,BUENO,27.7,8.7,7.7,Aceptable,Mod,Bullish,Oscillating,Temprano (85),65,buy
HAL,Energy,Oil & Gas Equipment & Services,31/08/2026,01/09/2026,36.52,37.63,38.74,34.86,14/09/2026,34.86,-0.0455,LOSS,0.33,-0.13,0.2,-0.2,-2.02,-1.82,-1.87,-2.91,-1.04,Saddle,0.0431,-0.2289,-0.0117,0.2407,Esperar,67.64,Bullish/Strong Buy,0.859,B:11% N:16% Bu:24% S:48%,0.93,65,1.5:1,Acumulación,39.19,0.8719,0.087,0.137,BUENO,-4.4,7.3,13.1,Alta,Mod,Bullish,Oscillating,Fresco (55),65,buy
EWZ,ETF,Exchange Traded Fund,01/09/2026,,36.36,37.05,37.74,35.33,11/09/2026,,,SIN FILL,,,,,,,,,,,,,,,,,,,,,,,,,,,,,,,,,,,,,,
HRMY,Healthcare,Biotechnology,01/09/2026,,40.85,42.19,43.53,38.84,11/09/2026,,,SIN FILL,,,,,,,,,,,,,,,,,,,,,,,,,,,,,,,,,,,,,,
EC,Energy,Oil & Gas Integrated,01/09/2026,02/09/2026,17.28,17.85,18.42,16.43,24/09/2026,16.43,-0.0492,LOSS,0.19,-0.25,-0.06,-0.21,-0.47,-0.26,-0.29,-3.5,-3.21,Flat,-0.0081,-0.0923,0.0008,0.0927,Neutral,75.88,Strong/Strong Buy,1,B:9% N:14% Bu:24% S:53%,0.94,91,1.5:1,Señal máxima,18.88,0.95,0.185,0.074,EXCELENTE,-3.4,7.3,234.8,Alta,Mod,Bullish,Oscillating,Temprano (75),65,buy
SQM,Basic Materials,Specialty Chemicals,01/09/2026,02/09/2026,79.69,82.43,85.17,75.58,04/09/2026,75.58,-0.0516,LOSS,0.75,0.39,0.36,0.33,-3.88,-3.55,-4.03,-9.45,-5.42,Saddle,0.0587,-0.5594,-0.034,0.5645,Esperar,67.64,Bullish/Strong Buy,0.859,B:11% N:16% Bu:24% S:48%,0.94,90,1.5:1,Acumulación,86.54,0.95,0.101,0.183,EXCELENTE,9.8,11.6,646.4,Alta,Bajo,Bullish,Unstable,Maduro (50),45,avoid
PBYI,Healthcare,Biotechnology,01/09/2026,08/09/2026,9.23,9.63,10.03,8.63,30/09/2026,10.03,0.0867,WIN,0.26,0.24,0.02,0.24,-0.32,-0.08,-0.1,-2.05,-1.95,Flat,-0.0003,-0.332,0.0001,0.332,Neutral,75.88,Strong/Strong Buy,1,B:9% N:14% Bu:24% S:53%,0.94,86,1.5:1,Señal máxima,10.13,0.95,0.187,0.081,EXCELENTE,28.7,9.8,39.9,Alta,Mod,Bullish,Unstable,Maduro (50),45,avoid
SHEL,Energy,Oil & Gas Integrated,01/09/2026,02/09/2026,93.07,94.53,95.99,90.88,09/09/2026,95.99,0.0314,WIN,0.43,-0.7,-0.27,-0.65,-2.78,-2.13,-2.06,-10.91,-8.85,Flat,-0.0004,0.116,-0.0001,0.1162,Neutral,76.6,Strong/Strong Buy,1,B:8% N:14% Bu:23% S:55%,0.94,81,1.5:1,Señal máxima,99.78,0.95,0.131,0.067,EXCELENTE,-5,6.4,200.5,Alta,Mod,Bullish,Unstable,Temprano (75),45,avoid
AR,Energy,Oil & Gas E&P,01/09/2026,03/09/2026,39.47,40.59,41.71,37.79,16/09/2026,37.79,-0.0426,LOSS,0.33,0.09,0.24,0.05,-2.2,-2.15,-1.57,-3.37,-1.8,Saddle,0.0289,-0.0382,-0.0017,0.0584,Esperar,67.64,Bullish/Strong Buy,0.859,B:11% N:16% Bu:24% S:48%,0.88,81,1.5:1,Acumulación,42.5,0.95,0.112,0.137,EXCELENTE,-5.1,6.6,78,Alta,Mod,Bullish,Unstable,Maduro (40),45,avoid
A,Healthcare,Diagnostics & Research,01/09/2026,02/09/2026,148.57,153.11,157.65,141.76,10/09/2026,141.77,-0.0458,LOSS,1.15,3.34,-2.19,3.39,-0.7,2.69,1.93,-16.37,-14.44,Local Min,0.0062,0.2283,0.0014,0.2285,Comprar,79.31,Strong/Strong Buy,1,B:6% N:12% Bu:22% S:60%,0.94,69,1.5:1,Señal activa,162.84,0.9495,0.146,0.088,BUENO,27.7,8.7,7.7,Aceptable,Mod,Bullish,Oscillating,Fresco (65),65,buy
BP,Energy,Oil & Gas Integrated,01/09/2026,02/09/2026,44.16,45.19,46.22,42.61,10/09/2026,46.22,0.0466,WIN,0.16,-0.75,-0.59,-0.73,-1.29,-0.56,-1.14,-4.39,-3.25,Flat,-0.0124,-0.0758,0.0007,0.0794,Neutral,63.55,Bullish/Strong Buy,0.824,B:14% N:18% Bu:25% S:42%,0.89,66,1.5:1,Acumulación,46.3,0.8431,0.07,0.048,BUENO,-10.4,5,140.1,Alta,Bajo,Bullish,Oscillating,Temprano (90),65,buy
DVYE,ETF,Exchange Traded Fund,01/09/2026,,35.5,35.84,36.18,34.99,11/09/2026,,,SIN FILL,,,,,,,,,,,,,,,,,,,,,,,,,,,,,,,,,,,,,,
NVDA,Technology,Semiconductors,02/09/2026,10/09/2026,222.14,229.72,237.3,210.77,14/09/2026,210.77,-0.0512,LOSS,1.31,3.44,-2.13,2.73,-3.55,-0.82,-2.27,-24.04,-21.77,Saddle,-0.0195,0.1081,-0.0024,0.1121,Esperar,41.64,Neutral/Buy,0.371,B:22% N:21% Bu:24% S:33%,0.61,85,1.5:1,Espera,225.22,0.8956,0.098,-0.026,EXCELENTE,96.5,53.6,125.9,Alta,Mod,Neutral,Damped,Temprano (90),65,buy
EC,Energy,Oil & Gas Integrated,02/09/2026,03/09/2026,17.34,17.9,18.46,16.5,22/09/2026,16.5,-0.0484,LOSS,0.13,0.04,0.09,-0.01,-0.47,-0.46,-0.33,-3.52,-3.19,Saddle,-0.034,0.1247,-0.0042,0.1293,Esperar,67.38,Strong/Strong Buy,1,B:18% N:20% Bu:25% S:38%,0.81,91,1.5:1,Señal máxima,18.11,0.95,0.188,-0.011,EXCELENTE,-3.4,7.3,234.8,Alta,Mod,Bullish,Oscillating,Temprano (95),65,buy
INCY,Healthcare,Biotechnology,02/09/2026,03/09/2026,127.75,131.35,134.95,122.35,08/09/2026,122.35,-0.0423,LOSS,0.78,-1.6,-0.82,-1.49,-4.64,-3.15,-2.78,-22.86,-20.08,Saddle,0.0189,-0.336,-0.0082,0.3419,Esperar,71.54,Bullish/Strong Buy,0.89,B:9% N:14% Bu:24% S:53%,0.94,90,1.5:1,Acumulación,135.87,0.9314,0.082,0.081,EXCELENTE,37.6,16.8,44.6,Alta,Bajo,Bullish,Unstable,Fresco (65),45,avoid
SHEL,Energy,Oil & Gas Integrated,02/09/2026,03/09/2026,92.37,93.8,95.23,90.23,08/09/2026,95.23,0.031,WIN,0.16,0.47,-0.31,0.4,-1.75,-1.35,-1.23,-10.11,-8.88,Local Max,-0.0147,-0.2574,0.0022,0.2638,Evitar,73.77,Strong/Strong Buy,1,B:11% N:16% Bu:24% S:49%,0.91,81,1.5:1,Acumulación,98.21,0.8953,0.077,0.04,EXCELENTE,-5,6.4,200.5,Alta,Mod,Bullish,Unstable,Temprano (90),45,avoid
FCFS,Financial,Credit Services,02/09/2026,,217.33,226.55,235.77,203.5,14/09/2026,,,SIN FILL,,,,,,,,,,,,,,,,,,,,,,,,,,,,,,,,,,,,,,
A,Healthcare,Diagnostics & Research,02/09/2026,03/09/2026,150.01,154.62,159.23,143.09,10/09/2026,143.09,-0.0461,LOSS,1.18,1.43,-0.25,1.26,-1.95,-0.69,0.44,-17.64,-17.2,Flat,0.001,0.3089,0.0003,0.3089,Neutral,76.15,Bullish/Strong Buy,0.922,B:6% N:12% Bu:22% S:60%,0.94,69,1.5:1,Acumulación,159.08,0.8748,0.091,0.061,BUENO,27.9,8.6,7.7,Aceptable,Mod,Neutral,Oscillating,Temprano (85),45,avoid
HAL,Energy,Oil & Gas Equipment & Services,02/09/2026,03/09/2026,37.3,38.39,39.48,35.66,11/09/2026,35.66,-0.044,LOSS,0.27,-0.01,0.26,-0.07,-2.4,-2.33,-2.14,-3.62,-1.48,Saddle,0.0478,-0.1085,-0.0062,0.1272,Esperar,67.64,Bullish/Strong Buy,0.859,B:11% N:16% Bu:24% S:48%,0.88,65,1.5:1,Acumulación,39.78,0.8811,0.086,0.152,BUENO,-4.4,7.3,13.1,Alta,Mod,Bullish,Unstable,Tardio (25),45,avoid
NVDA,Technology,Semiconductors,03/09/2026,08/09/2026,226.21,233.67,241.13,215.02,14/09/2026,215.01,-0.0495,LOSS,1.04,2.18,-1.14,1.56,-8.33,-6.77,-6.54,-28.57,-22.03,Flat,-0.0072,0.0953,-0.0008,0.0966,Neutral,67.64,Bullish/Strong Buy,0.859,B:11% N:16% Bu:24% S:48%,0.89,85,1.5:1,Acumulación,239.17,0.9133,0.099,0.038,EXCELENTE,96.5,53.6,125.9,Alta,Mod,Bullish,Oscillating,Temprano (90),65,buy
EZA,ETF,Exchange Traded Fund,03/09/2026,08/09/2026,71.39,72.81,74.23,69.26,14/09/2026,69.26,-0.0298,LOSS,0.25,-0.1,0.15,-0.01,-2.39,-2.38,-1.48,-6.08,-4.6,Saddle,-0.0209,1.0376,-0.0297,1.0455,Esperar,67.64,Bullish/Strong Buy,0.859,B:11% N:16% Bu:24% S:48%,0.73,25,1.5:1,Acumulación,74.32,0.7383,0.087,0.023,DÉBIL,ETF,,,,,Bullish,Oscillating,Temprano (90),65,buy
HRMY,Healthcare,Biotechnology,03/09/2026,04/09/2026,41.45,42.83,44.21,39.38,29/09/2026,39.38,-0.0499,LOSS,0.6,0.47,0.13,0.3,-2.72,-2.42,-1.75,-6.93,-5.18,Saddle,0.0115,-0.3673,-0.0044,0.3679,Esperar,72.51,Bullish/Strong Buy,0.897,B:8% N:14% Bu:23% S:55%,0.88,100,1.5:1,Acumulación,45.25,0.95,0.129,0.1,EXCELENTE,27.4,11.6,89.6,Alta,Bajo,Bullish,Damped,Tardio (35),85,buy
MATX,Industrials,Marine Shipping,03/09/2026,,220.52,226.34,232.16,211.79,15/09/2026,,,SIN FILL,,,,,,,,,,,,,,,,,,,,,,,,,,,,,,,,,,,,,,
SQM,Basic Materials,Specialty Chemicals,03/09/2026,04/09/2026,78.96,81.7,84.44,74.85,04/09/2026,74.85,-0.0521,LOSS,0.73,1.39,-0.66,1.12,-2.56,-1.44,-3.14,-8.59,-5.45,Saddle,0.019,-0.4158,-0.0079,0.4163,Esperar,66.59,Neutral/Strong Buy,0.655,B:6% N:12% Bu:22% S:60%,0.89,90,1.5:1,Espera,80.95,0.95,0.111,0.062,EXCELENTE,9.8,11.6,646.4,Alta,Bajo,Neutral,Oscillating,Temprano (95),45,avoid
OVV,Energy,Oil & Gas E&P,03/09/2026,04/09/2026,65.39,67.13,68.87,62.78,08/09/2026,62.78,-0.0399,LOSS,0.67,0.98,-0.31,0.81,-1.86,-1.05,-1.19,-11.58,-10.39,Saddle,0.0047,-0.1927,-0.0013,0.1947,Esperar,79.31,Strong/Strong Buy,1,B:6% N:12% Bu:22% S:60%,0.94,66,1.5:1,Señal activa,69.09,0.9031,0.134,0.091,BUENO,-10.9,8.6,48.5,Alta,Bajo,Bullish,Unstable,Temprano (75),45,avoid
DFEV,ETF,Exchange Traded Fund,03/09/2026,04/09/2026,42.89,43.46,44.03,42.04,14/09/2026,42.04,-0.0198,LOSS,0.18,-0.02,0.16,0.04,-0.99,-0.95,-1.04,-4.77,-3.73,Saddle,0.0182,-0.1669,-0.0034,0.17,Esperar,67.64,Bullish/Strong Buy,0.859,B:11% N:16% Bu:24% S:48%,0.48,25,1.5:1,Espera,45.37,0.7435,0.071,0.059,DÉBIL,ETF,,,,,Bullish,Unstable,Fresco (60),45,avoid
NVDA,Technology,Semiconductors,04/09/2026,08/09/2026,228.15,235.53,242.91,217.08,14/09/2026,217.08,-0.0485,LOSS,1.84,0.54,1.3,-0.04,-10.43,-10.39,-8.48,-30.51,-22.03,Flat,-0.0072,0.0953,-0.0008,0.0966,Neutral,67.64,Bullish/Strong Buy,0.859,B:11% N:16% Bu:24% S:48%,0.89,85,1.5:1,Acumulación,239.17,0.9133,0.099,0.038,EXCELENTE,96.5,53.6,125.9,Alta,Mod,Bullish,Oscillating,Temprano (90),65,buy
EWY,ETF,Exchange Traded Fund,04/09/2026,10/09/2026,186.85,193.59,200.33,176.74,14/09/2026,176.74,-0.0541,LOSS,4.03,2.61,1.42,1.83,-8.22,-6.39,-6.55,-35.14,-28.59,Flat,0.0006,0.1313,0.0001,0.1314,Neutral,68.11,Strong/Strong Buy,1,B:17% N:20% Bu:25% S:39%,0.73,25,1.5:1,Acumulación,191.04,0.7691,0.139,0.039,DÉBIL,ETF,,,,,Bullish,Oscillating,Temprano (100),65,buy
EC,Energy,Oil & Gas Integrated,04/09/2026,,17.08,17.64,18.2,16.24,16/09/2026,,,SIN FILL,,,,,,,,,,,,,,,,,,,,,,,,,,,,,,,,,,,,,,
MU,Technology,Semiconductors,04/09/2026,08/09/2026,1000.14,1054.98,1109.82,917.88,14/09/2026,917.93,-0.0822,LOSS,9.3,-2.35,6.95,-5.72,-58.59,-52.87,-50.44,-328.52,-278.08,Local Min,0.05,0.0284,0.0014,0.0577,Comprar,68.61,Bullish/Strong Buy,0.867,B:11% N:16% Bu:24% S:49%,0.93,84,1.5:1,Acumulación,1065.51,0.95,0.162,0.162,EXCELENTE,45.8,34.9,14,Alta,Bajo,Bullish,Unstable,Tardio (25),45,avoid
OKE,Energy,Oil & Gas Midstream,04/09/2026,15/09/2026,94.71,97.1,99.49,91.12,22/09/2026,91.12,-0.0379,LOSS,0.81,1.71,-0.9,1.53,-0.31,1.22,0.26,-8.82,-8.56,Flat,-0.0095,0.0012,0,0.0096,Neutral,64.52,Strong/Strong Buy,1,B:22% N:21% Bu:24% S:33%,0.81,75,1.5:1,Acumulación,98.6,0.8775,0.08,-0.006,BUENO,-3,5.8,14.9,Alta,Mod,Bullish,Unstable,Temprano (90),45,avoid
OVV,Energy,Oil & Gas E&P,04/09/2026,08/09/2026,64.24,65.98,67.72,61.63,21/09/2026,61.63,-0.0406,LOSS,0.43,1.31,-0.88,1.24,-0.62,0.62,-0.08,-10.33,-10.25,Saddle,-0.0288,0.0587,-0.0022,0.0725,Esperar,73.08,Strong/Strong Buy,1,B:11% N:16% Bu:24% S:48%,0.91,66,1.5:1,Señal activa,68.46,0.9061,0.139,0.008,BUENO,-10.9,8.6,48.5,Alta,Bajo,Bullish,Oscillating,Temprano (85),65,buy
HAL,Energy,Oil & Gas Equipment & Services,04/09/2026,08/09/2026,36.76,37.8,38.84,35.2,14/09/2026,35.2,-0.0424,LOSS,0.31,0.42,-0.11,0.38,-1.59,-1.21,-1.28,-3.01,-1.73,Flat,0.0345,-0.0016,-0.0001,0.0349,Neutral,67.64,Bullish/Strong Buy,0.859,B:11% N:16% Bu:24% S:48%,0.94,65,1.5:1,Acumulación,39.05,0.8688,0.085,0.099,BUENO,-4.4,7.3,13.1,Alta,Mod,Bullish,Unstable,Fresco (65),45,avoid
ESGE,ETF,Exchange Traded Fund,04/09/2026,09/09/2026,55.29,56.12,56.95,54.05,14/09/2026,54.05,-0.0224,LOSS,0.25,0.06,0.19,0,-1.61,-1.61,-1.21,-5.75,-4.54,Local Min,0.0128,0.1642,0.0021,0.1647,Comprar,67.64,Bullish/Strong Buy,0.859,B:11% N:16% Bu:24% S:48%,0.68,25,1.5:1,Espera,57.28,0.7321,0.073,0.053,DÉBIL,ETF,,,,,Bullish,Oscillating,Temprano (75),65,buy
CF,Basic Materials,Agricultural Inputs,04/09/2026,14/09/2026,131.75,137.09,142.43,123.74,21/09/2026,123.74,-0.0608,LOSS,1.43,2.86,-1.43,2.6,-3.52,-0.92,-1.5,-20.32,-18.82,,,,,,,,,,,,,,,,,,,,,,,,,,,,,
MDT,Healthcare,Medical Devices,04/09/2026,08/09/2026,93.49,95.77,98.05,90.07,10/09/2026,90.07,-0.0366,LOSS,0.67,-0.07,0.6,-0.23,-3.38,-3.15,-3.05,-7.46,-4.41,Local Max,-0.0092,-0.1384,0.0012,0.1391,Evitar,73.77,Strong/Strong Buy,1,B:11% N:16% Bu:24% S:49%,0.91,71,1.5:1,Acumulación,98.32,0.8613,0.075,0.033,BUENO,17.4,5.1,41.3,Alta,Mod,Bullish,Oscillating,Temprano (90),65,buy
EC,Energy,Oil & Gas Integrated,08/09/2026,11/09/2026,17.61,18.17,18.73,16.77,22/09/2026,16.77,-0.0477,LOSS,0.16,0.27,-0.11,0.25,-0.48,-0.23,-0.3,-3.6,-3.3,Saddle,-0.0142,0.3374,-0.0049,0.3379,Esperar,73.08,Strong/Strong Buy,1,B:11% N:16% Bu:24% S:48%,0.91,91,1.5:1,Señal máxima,19.12,0.95,0.18,0.031,EXCELENTE,-3.4,7.3,234.8,Alta,Mod,Bullish,Damped,Temprano (90),85,buy
PBYI,Healthcare,Biotechnology,08/09/2026,09/09/2026,9.27,9.68,10.09,8.65,30/09/2026,10.09,0.0885,WIN,0.1,0.18,-0.08,0.16,-0.32,-0.16,-0.15,-2.07,-1.92,Flat,-0.0078,-0.0175,0.0001,0.0192,Neutral,73.08,Strong/Strong Buy,1,B:11% N:16% Bu:24% S:48%,0.91,86,1.5:1,Señal máxima,9.72,0.95,0.192,0.032,EXCELENTE,27.1,9.8,39.9,Alta,Mod,Bullish,Oscillating,Temprano (85),65,buy
VCTR,Financial,Asset Management,08/09/2026,09/09/2026,112.22,115.9,119.58,106.7,15/09/2026,106.7,-0.0492,LOSS,0.78,1.16,-0.38,1.04,-0.77,0.27,0.55,-26.83,-26.28,Local Max,-0.0423,-0.0762,0.0023,0.0971,Evitar,68.11,Strong/Strong Buy,1,B:17% N:20% Bu:25% S:39%,0.8,85,1.5:1,Acumulación,116.61,0.9053,0.099,-0.016,EXCELENTE,0.5,10.7,137.3,Alta,Bajo,Bullish,Oscillating,Temprano (80),65,buy
SHEL,Energy,Oil & Gas Integrated,08/09/2026,,94.86,96.38,97.9,92.58,17/09/2026,,,SIN FILL,,,,,,,,,,,,,,,,,,,,,,,,,,,,,,,,,,,,,,
MATX,Industrials,Marine Shipping,08/09/2026,,221.58,227.27,232.96,213.05,17/09/2026,,,SIN FILL,,,,,,,,,,,,,,,,,,,,,,,,,,,,,,,,,,,,,,
OKE,Energy,Oil & Gas Midstream,08/09/2026,09/09/2026,96.78,99.2,101.62,93.15,16/09/2026,93.15,-0.0375,LOSS,0.79,-0.27,0.52,-0.35,-3.11,-2.76,-2.3,-11.3,-9,Flat,0.0093,0.0409,0.0004,0.042,Neutral,73.08,Strong/Strong Buy,1,B:11% N:16% Bu:24% S:48%,0.91,75,1.5:1,Señal máxima,102.29,0.9331,0.134,0.047,BUENO,-3.2,5.8,14.9,Alta,Mod,Bullish,Unstable,Temprano (90),45,avoid
CNXN,Technology,Electronics & Computer Distribution,08/09/2026,09/09/2026,82.94,85.29,87.64,79.41,16/09/2026,87.64,0.0567,WIN,0.83,-0.39,0.44,0.08,-2.54,-2.46,-1.81,-12.9,-11.09,Local Max,-0.0049,-0.5821,0.0028,0.5821,Evitar,67.64,Bullish/Strong Buy,0.859,B:11% N:16% Bu:24% S:48%,0.89,71,1.5:1,Acumulación,87.82,0.8743,0.083,0.024,BUENO,-10.3,5.7,33.8,Alta,Bajo,Bullish,Oscillating,Temprano (90),65,buy
CVX,Energy,Oil & Gas Integrated,08/09/2026,,208.61,212.59,216.57,202.64,17/09/2026,,,SIN FILL,,,,,,,,,,,,,,,,,,,,,,,,,,,,,,,,,,,,,,
OVV,Energy,Oil & Gas E&P,08/09/2026,10/09/2026,63.56,65.36,67.16,60.86,15/09/2026,67.16,0.0566,WIN,0.63,1.09,-0.46,1.08,0.15,0.93,0.55,-9.46,-8.91,Local Max,-0.0284,-0.1875,0.0052,0.1904,Evitar,70.21,Strong/Strong Buy,1,B:14% N:18% Bu:25% S:42%,0.91,66,1.5:1,Acumulación,67.9,0.8477,0.085,0.013,BUENO,-10.9,8.6,48.5,Alta,Bajo,Bullish,Oscillating,Temprano (85),65,buy
DFEV,ETF,Exchange Traded Fund,08/09/2026,10/09/2026,43.34,43.9,44.46,42.5,14/09/2026,42.5,-0.0194,LOSS,0.26,0.21,0.05,0.14,-1.13,-0.99,-1.23,-5.08,-3.85,Flat,0.0005,0.0879,0,0.0879,Neutral,67.64,Bullish/Strong Buy,0.859,B:11% N:16% Bu:24% S:48%,0.78,25,1.5:1,Acumulación,44.51,0.733,0.071,0.022,DÉBIL,ETF,,,,,Bullish,Oscillating,Temprano (85),65,buy
DFAE,ETF,Exchange Traded Fund,08/09/2026,09/09/2026,40.41,40.98,41.55,39.55,14/09/2026,39.55,-0.0213,LOSS,0.2,0.06,0.14,0.02,-0.99,-0.97,-0.99,-4.08,-3.09,Flat,0.0102,0.0927,0.0009,0.0938,Neutral,67.38,Strong/Strong Buy,1,B:18% N:20% Bu:25% S:38%,0.73,25,1.5:1,Acumulación,42.27,0.7279,0.072,0.045,DÉBIL,ETF,,,,,Bullish,Oscillating,Temprano (90),65,buy
CF,Basic Materials,Agricultural Inputs,09/09/2026,10/09/2026,136.55,141.75,146.95,128.75,18/09/2026,128.75,-0.0571,LOSS,0.51,0.19,0.32,-0.1,-9.1,-9,-6.71,-25.54,-18.83,Local Min,0.0259,0.063,0.0015,0.0704,Comprar,73.08,Strong/Strong Buy,1,B:11% N:16% Bu:24% S:48%,0.94,100,1.5:1,Señal máxima,146.19,0.95,0.21,0.132,EXCELENTE,17.9,12.9,88.3,Alta,Mod,Bullish,Oscillating,Maduro (50),65,buy
VIST,Energy,Oil & Gas E&P,09/09/2026,16/09/2026,73.67,76.67,79.67,69.17,22/09/2026,69.17,-0.0611,LOSS,1.13,2.85,-1.72,2.78,-1.03,1.75,-0.01,-9.57,-9.56,Flat,-0.002,-0.4737,0.0006,0.4744,Neutral,76.15,Bullish/Strong Buy,0.922,B:6% N:12% Bu:22% S:60%,0.94,96,1.5:1,Acumulación,79.66,0.95,0.166,0.065,EXCELENTE,10.5,10,36.7,Alta,Mod,Neutral,Oscillating,Temprano (85),45,avoid
EC,Energy,Oil & Gas Integrated,09/09/2026,11/09/2026,17.66,18.21,18.76,16.84,21/09/2026,16.84,-0.0464,LOSS,0.15,0.23,-0.08,0.2,-0.53,-0.33,-0.35,-3.65,-3.3,Saddle,-0.0142,0.3374,-0.0049,0.3379,Esperar,73.08,Strong/Strong Buy,1,B:11% N:16% Bu:24% S:48%,0.91,91,1.5:1,Señal máxima,19.12,0.95,0.18,0.031,EXCELENTE,-3.4,7.3,234.8,Alta,Mod,Bullish,Damped,Temprano (90),85,buy
PBYI,Healthcare,Biotechnology,09/09/2026,10/09/2026,8.93,9.34,9.75,8.31,21/09/2026,9.75,0.0918,WIN,0.14,0.38,-0.24,0.34,0.03,0.31,0.19,-1.71,-1.52,Local Max,-0.008,-0.3599,0.0028,0.3603,Evitar,70.21,Strong/Strong Buy,1,B:14% N:18% Bu:25% S:42%,0.89,86,1.5:1,Acumulación,9.77,0.95,0.131,0.03,EXCELENTE,28.7,9.8,39.9,Alta,Mod,Bullish,Oscillating,Temprano (85),65,buy
SCCO,Basic Materials,Copper,09/09/2026,10/09/2026,206.69,215.27,223.85,193.82,10/09/2026,193.81,-0.0623,LOSS,2.37,1.39,0.98,0.19,-6.83,-6.64,-5.03,-35.71,-30.68,Saddle,-0.0226,0.4207,-0.0125,0.4283,Esperar,31.52,Bearish/Hold,0,B:18% N:20% Bu:25% S:38%,0.45,85,1.5:1,Espera,200.7,0.9364,0.085,-0.004,EXCELENTE,37.9,25.7,71.6,Alta,Bajo,Bearish,Unstable,Temprano (90),5,avoid
SHEL,Energy,Oil & Gas Integrated,09/09/2026,18/09/2026,95.15,96.64,98.13,92.92,22/09/2026,92.92,-0.0234,LOSS,0.57,1.15,-0.58,1.04,-1.94,-0.9,-1,-11.6,-10.6,Saddle,-0.0156,0.1165,-0.0018,0.1176,Esperar,72.51,Bullish/Strong Buy,0.897,B:8% N:14% Bu:23% S:55%,0.91,81,1.5:1,Acumulación,100.2,0.9106,0.083,0.009,EXCELENTE,-5,6.4,200.5,Alta,Mod,Neutral,Oscillating,Temprano (85),45,avoid
AR,Energy,Oil & Gas E&P,09/09/2026,10/09/2026,38.81,39.83,40.85,37.28,16/09/2026,37.28,-0.0394,LOSS,0.22,0.43,-0.21,0.38,-1.02,-0.64,-0.48,-2.59,-2.11,Local Max,-0.0177,-0.3259,0.0049,0.3291,Evitar,63.55,Bullish/Strong Buy,0.824,B:14% N:18% Bu:25% S:42%,0.91,81,1.5:1,Acumulación,41.83,0.95,0.112,0.045,EXCELENTE,-5.1,6.6,78,Alta,Mod,Bullish,Oscillating,Temprano (75),65,buy
MATX,Industrials,Marine Shipping,09/09/2026,10/09/2026,225.16,230.83,236.5,216.66,14/09/2026,236.51,0.0504,WIN,0.6,-1.07,-0.47,-0.8,-7.16,-6.36,-4.34,-46.45,-42.11,Saddle,0.0071,-0.2273,-0.0016,0.2274,Esperar,73.08,Strong/Strong Buy,1,B:11% N:16% Bu:24% S:48%,0.93,81,1.5:1,Señal máxima,244.98,0.95,0.127,0.063,EXCELENTE,-5.5,6.9,36.6,Alta,Mod,Bullish,Oscillating,Temprano (75),65,buy
FCFS,Financial,Credit Services,09/09/2026,10/09/2026,224.91,233.12,241.33,212.59,15/09/2026,212.58,-0.0548,LOSS,3.33,1.56,1.77,1.66,-6.4,-4.74,-4.43,-27.15,-22.72,Flat,0.0178,-0.0372,-0.0008,0.044,Neutral,75.88,Strong/Strong Buy,1,B:9% N:14% Bu:24% S:53%,0.93,76,1.5:1,Señal máxima,244.8,0.95,0.161,0.065,BUENO,-1,8.3,56.3,Alta,Mod,Bullish,Oscillating,Temprano (75),65,buy
OKE,Energy,Oil & Gas Midstream,09/09/2026,10/09/2026,95.06,97.6,100.14,91.25,22/09/2026,91.25,-0.0401,LOSS,0.64,1.11,-0.47,1.05,-1.24,-0.19,-0.46,-9.48,-9.02,Flat,0.0014,-0.0372,-0.0001,0.0373,Neutral,70.21,Strong/Strong Buy,1,B:14% N:18% Bu:25% S:42%,0.91,75,1.5:1,Acumulación,101.44,0.8722,0.078,0.035,BUENO,-3,5.8,14.9,Alta,Mod,Bullish,Oscillating,Temprano (75),65,buy
COP,Energy,Oil & Gas E&P,09/09/2026,10/09/2026,135.62,138.66,141.7,131.06,17/09/2026,131.06,-0.0336,LOSS,1.06,0.56,0.5,0.36,-6.55,-6.19,-3.9,-22.05,-18.15,Flat,-0.0136,0.0115,-0.0002,0.0183,Neutral,76.6,Strong/Strong Buy,1,B:8% N:14% Bu:23% S:55%,0.88,71,1.5:1,Señal máxima,146.89,0.9345,0.121,0.084,BUENO,-5.1,7.5,99.4,Alta,Bajo,Bullish,Oscillating,Tardio (35),65,buy
BP,Energy,Oil & Gas Integrated,09/09/2026,16/09/2026,45.37,46.4,47.43,43.82,21/09/2026,43.82,-0.0342,LOSS,0.31,0.76,-0.45,0.73,-1.23,-0.5,-0.83,-5.11,-4.28,Flat,0.0039,-0.1006,-0.0004,0.1008,Neutral,67.64,Bullish/Strong Buy,0.859,B:11% N:16% Bu:24% S:48%,0.91,66,1.5:1,Acumulación,48.05,0.8675,0.07,0.045,BUENO,-10.4,5,140.1,Alta,Bajo,Bullish,Oscillating,Temprano (75),65,buy
FNDE,ETF,Exchange Traded Fund,09/09/2026,10/09/2026,42.77,43.12,43.47,42.25,14/09/2026,42.25,-0.0122,LOSS,0.1,0.15,-0.05,0.1,-0.87,-0.77,-0.59,-3.63,-3.04,Local Min,0.0011,0.9709,0.0011,0.9709,Comprar,67.64,Bullish/Strong Buy,0.859,B:11% N:16% Bu:24% S:48%,0.73,25,1.5:1,Acumulación,44.43,0.7675,0.056,0.025,DÉBIL,ETF,,,,,Bullish,Oscillating,Temprano (85),65,buy
CF,Basic Materials,Agricultural Inputs,10/09/2026,11/09/2026,133.51,138.85,144.19,125.5,21/09/2026,125.5,-0.06,LOSS,1.51,2.7,-1.19,2.51,-5.76,-3.25,-3.37,-22.28,-18.91,Local Min,0.0362,0.1623,0.0054,0.1692,Comprar,71.54,Bullish/Strong Buy,0.89,B:9% N:14% Bu:24% S:53%,0.94,100,1.5:1,Acumulación,142.62,0.95,0.153,0.143,EXCELENTE,17.9,12.9,88.3,Alta,Mod,Bullish,Oscillating,Fresco (65),65,buy
APA,Energy,Oil & Gas E&P,10/09/2026,11/09/2026,44.08,45.57,47.06,41.84,15/09/2026,47.06,0.0676,WIN,0.74,0.43,0.31,0.38,-2.44,-2.06,-1.34,-9.82,-8.48,Local Max,-0.0139,-0.1622,0.0023,0.1628,Evitar,76.6,Strong/Strong Buy,1,B:8% N:14% Bu:23% S:55%,0.94,94,1.5:1,Señal máxima,48.18,0.95,0.186,0.118,EXCELENTE,7.4,11.6,23.9,Alta,Mod,Bullish,Unstable,Maduro (50),45,avoid
EC,Energy,Oil & Gas Integrated,10/09/2026,11/09/2026,17.91,18.45,18.99,17.1,18/09/2026,17.1,-0.0452,LOSS,0.16,-0.04,0.12,-0.03,-0.81,-0.78,-0.6,-3.9,-3.3,Saddle,-0.0142,0.3374,-0.0049,0.3379,Esperar,73.08,Strong/Strong Buy,1,B:11% N:16% Bu:24% S:48%,0.91,91,1.5:1,Señal máxima,19.12,0.95,0.18,0.031,EXCELENTE,-3.4,7.3,234.8,Alta,Mod,Bullish,Damped,Temprano (90),85,buy
SHEL,Energy,Oil & Gas Integrated,10/09/2026,16/09/2026,95.52,97,98.48,93.3,21/09/2026,93.3,-0.0232,LOSS,0.65,1.57,-0.92,1.5,-2.54,-1.04,-1.59,-12.2,-10.61,Saddle,-0.0059,0.1903,-0.0011,0.1904,Esperar,72.51,Bullish/Strong Buy,0.897,B:8% N:14% Bu:23% S:55%,0.91,81,1.5:1,Acumulación,101.57,0.917,0.085,0.04,EXCELENTE,-5,6.4,200.5,Alta,Mod,Bullish,Unstable,Temprano (90),45,avoid
MATX,Industrials,Marine Shipping,10/09/2026,,226.31,231.9,237.49,217.93,21/09/2026,,,SIN FILL,,,,,,,,,,,,,,,,,,,,,,,,,,,,,,,,,,,,,,
ABEV,Consumer Defensive,Beverages - Brewers,10/09/2026,11/09/2026,3.02,3.09,3.16,2.92,18/09/2026,2.92,-0.0331,LOSS,0.02,0.01,0.01,0.01,-0.05,-0.04,-0.07,-0.15,-0.08,Local Min,0.0331,0.4383,0.0144,0.4399,Comprar,75.88,Strong/Strong Buy,1,B:9% N:14% Bu:24% S:53%,0.93,79,1.5:1,Señal máxima,3.26,0.95,0.16,0.063,BUENO,-11.8,10.3,24.6,Alta,Bajo,Bullish,Oscillating,Temprano (85),65,buy
FCFS,Financial,Credit Services,10/09/2026,14/09/2026,224.97,233.01,241.05,212.91,15/09/2026,212.91,-0.0536,LOSS,1.91,2.79,-0.88,2.12,-5.2,-3.08,-3.68,-26.67,-22.99,,,,,,,,,,,,,,,,,,,,,,,,,,,,,
XOM,Energy,Oil & Gas Integrated,10/09/2026,11/09/2026,164.16,167.74,171.32,158.79,21/09/2026,158.79,-0.0327,LOSS,1.4,0.06,1.34,-0.03,-4.4,-4.37,-2.85,-20.43,-17.58,Saddle,-0.0079,0.1518,-0.0012,0.1522,Esperar,73.08,Strong/Strong Buy,1,B:11% N:16% Bu:24% S:48%,0.94,71,1.5:1,Señal máxima,177.36,0.9195,0.117,0.053,BUENO,-6.7,5.5,105.1,Alta,Mod,Bullish,Unstable,Temprano (75),45,avoid
CVX,Energy,Oil & Gas Integrated,10/09/2026,14/09/2026,211.49,215.72,219.95,205.15,21/09/2026,205.15,-0.03,LOSS,0.84,2.13,-1.29,1.87,-7.41,-5.54,-4.99,-30.41,-25.42,,,,,,,,,,,,,,,,,,,,,,,,,,,,,
COP,Energy,Oil & Gas E&P,10/09/2026,11/09/2026,136.11,139.22,142.33,131.45,17/09/2026,131.46,-0.0342,LOSS,1.11,0.49,0.62,0.42,-6.5,-6.08,-3.86,-22.31,-18.45,Flat,0.001,-0.1366,-0.0001,0.1366,Neutral,76.6,Strong/Strong Buy,1,B:8% N:14% Bu:23% S:55%,0.88,71,1.5:1,Señal máxima,147.06,0.9291,0.12,0.11,BUENO,-5.1,7.5,99.4,Alta,Bajo,Bullish,Unstable,Tardio (35),45,avoid
AVDV,ETF,Exchange Traded Fund,10/09/2026,14/09/2026,110.46,111.62,112.78,108.72,22/09/2026,112.78,0.021,WIN,0.94,1.16,-0.22,1.07,0.21,0.86,0.51,-9.19,-8.68,,,,,,,,,,,,,,,,,,,,,,,,,,,,,
APA,Energy,Oil & Gas E&P,11/09/2026,16/09/2026,44.3,45.74,47.18,42.14,29/09/2026,42.14,-0.0488,LOSS,1.01,1.71,-0.7,1.57,-1.84,-0.27,-0.78,-9.7,-8.92,,,,,,,,,,,,,,,,,,,,,,,,,,,,,
EC,Energy,Oil & Gas Integrated,11/09/2026,16/09/2026,17.59,18.13,18.67,16.78,22/09/2026,16.78,-0.046,LOSS,0.12,0.34,-0.22,0.33,-0.33,0,-0.15,-3.47,-3.32,Saddle,-0.0202,0.519,-0.0105,0.5195,Esperar,59.39,Bullish/Strong Buy,0.785,B:18% N:20% Bu:25% S:38%,0.81,91,1.5:1,Acumulación,18.26,0.95,0.129,-0.012,EXCELENTE,-3.4,7.3,234.8,Alta,Mod,Neutral,Oscillating,Temprano (80),45,avoid
MATX,Industrials,Marine Shipping,11/09/2026,14/09/2026,228.53,234.04,239.55,220.26,15/09/2026,239.55,0.0482,WIN,1.82,-0.81,1.01,-0.26,-9.12,-8.86,-5.4,-48.74,-43.34,,,,,,,,,,,,,,,,,,,,,,,,,,,,,
ABEV,Consumer Defensive,Beverages - Brewers,11/09/2026,14/09/2026,3,3.07,3.14,2.9,25/09/2026,2.9,-0.0333,LOSS,0.02,0.03,-0.01,0.03,-0.03,0,-0.04,-0.12,-0.08,Saddle,0.0394,-0.0411,-0.0016,0.0572,Esperar,71.54,Bullish/Strong Buy,0.89,B:9% N:14% Bu:24% S:53%,0.87,79,1.5:1,Espera,3.21,0.95,0.102,0.082,BUENO,-11.8,10.3,24.6,Alta,Bajo,Bullish,Unstable,Temprano (75),45,avoid
CNXN,Technology,Electronics & Computer Distribution,11/09/2026,14/09/2026,85.05,87.41,89.77,81.51,25/09/2026,89.77,0.0555,WIN,0.56,-1.28,-0.72,-0.78,-4,-3.22,-2.97,-14.58,-11.61,,,,,,,,,,,,,,,,,,,,,,,,,,,,,
XOM,Energy,Oil & Gas Integrated,11/09/2026,14/09/2026,164.93,168.47,172.01,159.62,21/09/2026,159.62,-0.0322,LOSS,1.13,0.53,0.6,0.35,-4.63,-4.28,-3.26,-20.99,-17.73,,,,,,,,,,,,,,,,,,,,,,,,,,,,,
COP,Energy,Oil & Gas E&P,11/09/2026,14/09/2026,136.44,139.49,142.54,131.87,17/09/2026,131.87,-0.0335,LOSS,0.77,0.84,-0.07,0.7,-5.96,-5.26,-3.77,-22.41,-18.64,,,,,,,,,,,,,,,,,,,,,,,,,,,,,
FNDE,ETF,Exchange Traded Fund,11/09/2026,14/09/2026,42.55,42.9,43.25,42.02,15/09/2026,42.02,-0.0125,LOSS,0.02,0.12,-0.1,0.09,-0.56,-0.47,-0.32,-3.34,-3.02,,,,,,,,,,,,,,,,,,,,,,,,,,,,,
EC,Energy,Oil & Gas Integrated,14/09/2026,16/09/2026,17.58,18.11,18.64,16.78,22/09/2026,16.78,-0.0455,LOSS,0.13,0.35,-0.22,0.34,-0.32,0.02,-0.14,-3.46,-3.32,Saddle,-0.0202,0.519,-0.0105,0.5195,Esperar,59.39,Bullish/Strong Buy,0.785,B:18% N:20% Bu:25% S:38%,0.81,91,1.5:1,Acumulación,18.26,0.95,0.129,-0.012,EXCELENTE,-3.4,7.3,234.8,Alta,Mod,Neutral,Oscillating,Temprano (80),45,avoid
SHEL,Energy,Oil & Gas Integrated,14/09/2026,16/09/2026,96.01,97.47,98.93,93.82,21/09/2026,93.82,-0.0228,LOSS,0.4,1.13,-0.73,1.01,-3.03,-2.02,-2.08,-12.69,-10.61,Saddle,-0.0059,0.1903,-0.0011,0.1904,Esperar,72.51,Bullish/Strong Buy,0.897,B:8% N:14% Bu:23% S:55%,0.91,81,1.5:1,Acumulación,101.57,0.917,0.085,0.04,EXCELENTE,-5,6.4,200.5,Alta,Mod,Bullish,Unstable,Temprano (90),45,avoid
BP,Energy,Oil & Gas Integrated,14/09/2026,16/09/2026,45.63,46.63,47.63,44.13,21/09/2026,44.13,-0.0329,LOSS,0.47,0.74,-0.27,0.68,-1.55,-0.87,-1.09,-5.37,-4.28,Flat,0.0039,-0.1006,-0.0004,0.1008,Neutral,67.64,Bullish/Strong Buy,0.859,B:11% N:16% Bu:24% S:48%,0.91,66,1.5:1,Acumulación,48.05,0.8675,0.07,0.045,BUENO,-10.4,5,140.1,Alta,Bajo,Bullish,Oscillating,Temprano (75),65,buy
EOG,Energy,Oil & Gas E&P,15/09/2026,16/09/2026,152.62,156.34,160.06,147.04,16/09/2026,147.03,-0.0366,LOSS,0.53,-1.76,-1.23,-2.28,-6.51,-4.23,-5.82,-20.3,-14.48,Saddle,-0.0162,0.1189,-0.0019,0.12,Esperar,51.77,Bullish/Buy,0.706,B:25% N:22% Bu:24% S:29%,0.77,100,1.5:1,Acumulación,150.6,0.95,0.118,-0.025,EXCELENTE,3.2,11,102.5,Alta,Mod,Neutral,Oscillating,Temprano (90),45,avoid
VIST,Energy,Oil & Gas E&P,15/09/2026,16/09/2026,77.42,80.56,83.7,72.71,17/09/2026,72.71,-0.0608,LOSS,0.6,0.3,0.3,0.07,-4.9,-4.83,-3.76,-13.32,-9.56,Flat,-0.002,-0.4737,0.0006,0.4744,Neutral,76.15,Bullish/Strong Buy,0.922,B:6% N:12% Bu:22% S:60%,0.94,96,1.5:1,Acumulación,79.66,0.95,0.166,0.065,EXCELENTE,10.5,10,36.7,Alta,Mod,Neutral,Oscillating,Temprano (85),45,avoid
DVN,Energy,Oil & Gas E&P,15/09/2026,16/09/2026,50.94,52.25,53.56,48.97,16/09/2026,48.97,-0.0387,LOSS,0.14,-0.33,-0.19,-0.5,-3.12,-2.62,-2.71,-7.69,-4.98,Local Max,-0.0161,-0.2474,0.0038,0.2485,Evitar,73.08,Strong/Strong Buy,1,B:11% N:16% Bu:24% S:48%,0.89,81,1.5:1,Señal máxima,52.22,0.95,0.179,0.019,EXCELENTE,-7.8,5.9,112.6,Alta,Bajo,Bullish,Oscillating,Temprano (85),65,buy
XOM,Energy,Oil & Gas Integrated,15/09/2026,16/09/2026,168.2,171.94,175.68,162.59,16/09/2026,162.58,-0.0334,LOSS,0.49,-1.05,-0.56,-1.35,-7.16,-5.81,-5.71,-23.81,-18.1,Local Max,-0.0269,-0.1158,0.0031,0.119,Evitar,64.52,Strong/Strong Buy,1,B:22% N:21% Bu:24% S:33%,0.81,71,1.5:1,Acumulación,169.97,0.8677,0.073,-0.014,BUENO,-6.7,5.5,105.1,Alta,Mod,Bullish,Unstable,Temprano (80),45,avoid
COP,Energy,Oil & Gas E&P,15/09/2026,16/09/2026,140.24,143.5,146.76,135.35,16/09/2026,135.35,-0.0349,LOSS,0.26,-1.29,-1.03,-1.72,-8.99,-7.27,-6.84,-25.76,-18.92,Saddle,-0.0211,0.1422,-0.0032,0.1449,Esperar,76.6,Strong/Strong Buy,1,B:8% N:14% Bu:23% S:55%,0.91,71,1.5:1,Señal máxima,142.09,0.9199,0.137,0.022,BUENO,-5.1,7.5,99.4,Alta,Bajo,Bullish,Oscillating,Temprano (85),65,buy
BP,Energy,Oil & Gas Integrated,15/09/2026,16/09/2026,46.66,47.67,48.68,45.14,17/09/2026,45.14,-0.0326,LOSS,0.19,-0.23,-0.04,-0.29,-2.6,-2.31,-2.12,-6.4,-4.28,Flat,0.0039,-0.1006,-0.0004,0.1008,Neutral,67.64,Bullish/Strong Buy,0.859,B:11% N:16% Bu:24% S:48%,0.91,66,1.5:1,Acumulación,48.05,0.8675,0.07,0.045,BUENO,-10.4,5,140.1,Alta,Bajo,Bullish,Oscillating,Temprano (75),65,buy
DGX,Healthcare,Diagnostics & Research,15/09/2026,16/09/2026,245.38,251.05,256.72,236.88,22/09/2026,236.89,-0.0346,LOSS,1.25,-1.37,-0.12,-1.78,-8.53,-6.75,-6.49,-38.83,-32.34,Local Max,-0.0226,-0.1091,0.0021,0.1144,Evitar,68.61,Bullish/Strong Buy,0.867,B:11% N:16% Bu:24% S:49%,0.86,60,1.5:1,Acumulación,261.95,0.8425,0.067,0.046,REGULAR,19.9,6.4,13.5,Alta,Mod,Bullish,Damped,Temprano (90),85,buy
PBR,Energy,Oil & Gas Integrated,16/09/2026,17/09/2026,20.72,21.35,21.98,19.77,05/10/2026,21.98,0.0608,WIN,0.21,0.52,-0.31,0.46,-0.95,-0.49,-0.6,-3.7,-3.1,Saddle,0.043,-0.1744,-0.0087,0.1862,Esperar,61.92,Neutral/Strong Buy,0.602,B:8% N:14% Bu:23% S:55%,0.89,100,1.5:1,Espera,22.28,0.95,0.122,0.163,EXCELENTE,11,10.1,96.8,Alta,Mod,Neutral,Oscillating,Tardio (35),45,avoid
DVN,Energy,Oil & Gas E&P,16/09/2026,17/09/2026,48,49.45,50.9,45.83,29/09/2026,45.83,-0.0452,LOSS,0.59,1.75,-1.16,1.61,-0.11,1.5,0.28,-4.7,-4.42,Local Max,-0.014,-0.2682,0.0035,0.2698,Evitar,73.08,Strong/Strong Buy,1,B:11% N:16% Bu:24% S:48%,0.89,81,1.5:1,Señal máxima,52.22,0.95,0.176,0.018,EXCELENTE,-7.8,5.9,112.6,Alta,Bajo,Bullish,Oscillating,Temprano (85),65,buy
COP,Energy,Oil & Gas E&P,16/09/2026,17/09/2026,131.44,135.1,138.76,125.95,22/09/2026,125.95,-0.0418,LOSS,1.67,4.92,-3.25,4.5,-0.03,4.47,1.94,-16.77,-14.83,Local Max,-0.0204,-0.1595,0.0029,0.163,Evitar,73.77,Strong/Strong Buy,1,B:11% N:16% Bu:24% S:49%,0.91,71,1.5:1,Acumulación,141.92,0.8656,0.08,0.02,BUENO,-5.1,7.5,99.4,Alta,Bajo,Bullish,Oscillating,Temprano (85),65,buy
A,Healthcare,Diagnostics & Research,16/09/2026,,152.38,156.73,161.08,145.85,25/09/2026,,,SIN FILL,,,,,,,,,,,,,,,,,,,,,,,,,,,,,,,,,,,,,,
ANET,Technology,Computer Hardware,17/09/2026,18/09/2026,196.99,205.47,213.95,184.27,,206.9,0.0503,PARCIAL TP1,0.9,1.46,-0.56,1.04,-4.85,-3.81,-3.19,-35.87,-32.68,Local Min,0.0089,0.264,0.0016,0.267,Comprar,75.88,Strong/Strong Buy,1,B:9% N:14% Bu:24% S:53%,0.93,80,1.5:1,Señal máxima,211.12,0.9492,0.145,0.085,EXCELENTE,10.8,14.1,36.5,Alta,Mod,Bullish,Oscillating,Fresco (65),65,buy
CF,Basic Materials,Agricultural Inputs,17/09/2026,18/09/2026,132.2,137.59,142.98,124.11,21/09/2026,124.11,-0.0612,LOSS,1.39,1.47,-0.08,1.25,-2.76,-1.51,-1.38,-19.95,-18.57,Flat,0.004,0.2306,0.0009,0.2308,Neutral,67.64,Bullish/Strong Buy,0.859,B:11% N:16% Bu:24% S:48%,0.91,100,1.5:1,Acumulación,136.29,0.95,0.162,0.016,EXCELENTE,17.9,12.9,88.3,Alta,Mod,Neutral,Oscillating,Temprano (95),45,avoid
SM,Energy,Oil & Gas E&P,17/09/2026,18/09/2026,36.5,38.08,39.66,34.13,22/09/2026,34.13,-0.0649,LOSS,0.58,1.72,-1.14,1.6,-0.07,1.53,0.6,-6.9,-6.3,Saddle,-0.0345,0.1125,-0.004,0.1191,Esperar,70.91,Strong/Strong Buy,1,B:13% N:18% Bu:24% S:44%,0.81,91,1.5:1,Señal máxima,39.07,0.95,0.216,-0.012,EXCELENTE,-3.2,6.9,430.2,Alta,Mod,Bullish,Unstable,Temprano (80),45,avoid
DVN,Energy,Oil & Gas E&P,17/09/2026,18/09/2026,48.29,49.71,51.13,46.16,29/09/2026,46.16,-0.0441,LOSS,0.26,0.75,-0.49,0.79,-0.36,0.43,0.02,-4.93,-4.91,Saddle,-0.0238,0.6196,-0.0155,0.6211,Esperar,59.39,Bullish/Strong Buy,0.785,B:18% N:20% Bu:25% S:38%,0.77,81,1.5:1,Acumulación,50.85,0.95,0.118,-0.008,EXCELENTE,-7.8,5.9,112.6,Alta,Bajo,Neutral,Unstable,Temprano (80),25,avoid
A,Healthcare,Diagnostics & Research,17/09/2026,18/09/2026,155.06,159.33,163.6,148.66,22/09/2026,163.6,0.0551,WIN,1.06,-1.38,-0.32,-1.38,-6.4,-5.02,-4.51,-21.04,-16.53,Saddle,-0.0275,0.0866,-0.0025,0.0919,Esperar,73.77,Strong/Strong Buy,1,B:11% N:16% Bu:24% S:49%,0.91,69,1.5:1,Señal activa,168.1,0.9495,0.133,0.001,BUENO,26.3,8.6,7.7,Aceptable,Mod,Bullish,Unstable,Temprano (90),45,avoid
FFIV,Technology,Software - Infrastructure,17/09/2026,18/09/2026,430.4,444.46,458.52,409.31,23/09/2026,458.51,0.0653,WIN,3.66,-1.3,2.36,-2.36,-25.05,-22.69,-20.74,-75.75,-55.01,Local Min,0.0406,0.6161,0.0177,0.6292,Comprar,67.64,Bullish/Strong Buy,0.859,B:11% N:16% Bu:24% S:48%,0.89,64,1.5:1,Acumulación,460.59,0.8845,0.066,0.144,REGULAR,-0.9,8,9.6,Aceptable,Mod,Bullish,Unstable,Fresco (55),45,avoid
DGX,Healthcare,Diagnostics & Research,17/09/2026,18/09/2026,245.85,251.19,256.53,237.84,22/09/2026,237.84,-0.0326,LOSS,1.33,0.27,1.06,0.08,-8.08,-8,-5.51,-38.5,-32.99,Saddle,-0.0088,0.5303,-0.0051,0.5313,Esperar,73.77,Strong/Strong Buy,1,B:11% N:16% Bu:24% S:49%,0.86,60,1.5:1,Señal activa,264.05,0.9015,0.116,0.021,REGULAR,19.9,6.4,13.5,Alta,Mod,Bullish,Unstable,Temprano (90),45,avoid
ANET,Technology,Computer Hardware,18/09/2026,,196.91,205.19,213.47,184.49,29/09/2026,,,SIN FILL,,,,,,,,,,,,,,,,,,,,,,,,,,,,,,,,,,,,,,
PBYI,Healthcare,Biotechnology,18/09/2026,23/09/2026,9.49,9.84,10.19,8.96,,9.67,0.019,PARCIAL TP1,0.14,0.2,-0.06,0.18,-0.3,-0.12,-0.17,-2.08,-1.91,,,,,,,,,,,,,,,,,,,,,,,,,,,,,
MU,Technology,Semiconductors,18/09/2026,,1001.02,1050.28,1099.54,927.13,29/09/2026,,,SIN FILL,,,,,,,,,,,,,,,,,,,,,,,,,,,,,,,,,,,,,,
CNXN,Technology,Electronics & Computer Distribution,18/09/2026,21/09/2026,85.96,88.35,90.74,82.38,01/10/2026,90.74,0.0556,WIN,0.22,0.12,0.1,0.14,-3.41,-3.27,-2.22,-14.72,-12.5,,,,,,,,,,,,,,,,,,,,,,,,,,,,,
A,Healthcare,Diagnostics & Research,18/09/2026,,155.23,159.35,163.47,149.05,29/09/2026,,,SIN FILL,,,,,,,,,,,,,,,,,,,,,,,,,,,,,,,,,,,,,,
DGX,Healthcare,Diagnostics & Research,18/09/2026,21/09/2026,244.91,250.06,255.21,237.19,22/09/2026,237.2,-0.0315,LOSS,1.07,1.48,-0.41,1.2,-6.33,-5.13,-4.13,-37.19,-33.06,,,,,,,,,,,,,,,,,,,,,,,,,,,,,
EWZ,ETF,Exchange Traded Fund,21/09/2026,22/09/2026,37.83,38.62,39.41,36.64,25/09/2026,36.64,-0.0315,LOSS,0.2,-0.04,0.16,-0.04,-0.95,-0.91,-0.51,-2.81,-2.3,Saddle,0.026,-0.0442,-0.0015,0.057,Esperar,67.64,Bullish/Strong Buy,0.859,B:11% N:16% Bu:24% S:48%,0.85,25,1.5:1,Acumulación,40.07,0.7589,0.094,0.088,DÉBIL,ETF,,,,,Bullish,Unstable,Fresco (65),45,avoid
CNXN,Technology,Electronics & Computer Distribution,22/09/2026,,86.11,88.53,90.95,82.48,01/10/2026,,,SIN FILL,,,,,,,,,,,,,,,,,,,,,,,,,,,,,,,,,,,,,,
EMGF,ETF,Exchange Traded Fund,22/09/2026,23/09/2026,73.65,74.74,75.83,72.02,24/09/2026,72.02,-0.0221,LOSS,0.26,-0.64,-0.38,-0.48,-1.83,-1.35,-1.52,-7.17,-5.65,Local Max,-0.0184,-2.4549,0.0359,2.4588,Evitar,67.64,Bullish/Strong Buy,0.859,B:11% N:16% Bu:24% S:48%,0.73,25,1.5:1,Acumulación,75.65,0.7439,0.078,0.008,DÉBIL,ETF,,,,,Bullish,Unstable,Temprano (100),45,avoid
DFAE,ETF,Exchange Traded Fund,22/09/2026,23/09/2026,40.35,40.96,41.57,39.44,24/09/2026,39.44,-0.0226,LOSS,0.11,-0.07,0.04,-0.14,-0.73,-0.59,-0.8,-3.72,-2.92,Flat,-0.0132,0,0,0,Neutral,42.85,Neutral/Buy,0.384,B:21% N:21% Bu:25% S:34%,0.57,25,1.5:1,Espera,40.77,0.625,0.078,0.008,DÉBIL,ETF,,,,,Neutral,Unstable,Temprano (100),25,avoid
NVDA,Technology,Semiconductors,28/09/2026,29/09/2026,227.05,233.07,239.09,218.02,05/10/2026,239.08,0.053,WIN,1.01,1.4,-0.39,1,-5.71,-4.71,-4.44,-26.03,-21.59,,,,,,,,,,,,,,,,,,,,,,,,,,,,,
SHEL,Energy,Oil & Gas Integrated,28/09/2026,29/09/2026,95.99,97.58,99.17,93.6,,96.52,0.0055,ACTIVA,0.45,0.27,0.18,0.11,-2,-1.89,-1.3,-11.66,-10.36,Flat,0.0069,0.0434,0.0003,0.0439,Neutral,76.6,Strong/Strong Buy,1,B:8% N:14% Bu:23% S:55%,0.91,81,1.5:1,Señal máxima,102.03,0.95,0.136,0.04,EXCELENTE,-5,6.4,200.5,Alta,Mod,Bullish,Unstable,Temprano (100),45,avoid
SHEL,Energy,Oil & Gas Integrated,29/09/2026,01/10/2026,94.66,96.26,97.86,92.26,,96.52,0.0196,PARCIAL TP1,0.64,0.89,-0.25,0.83,-0.5,0.33,0.15,-10.11,-9.96,Flat,-0.0085,-0.1285,0.001,0.1299,Neutral,76.6,Strong/Strong Buy,1,B:8% N:14% Bu:23% S:55%,0.91,81,1.5:1,Señal máxima,102.56,0.95,0.134,0.03,EXCELENTE,-5,6.4,200.5,Alta,Mod,Bullish,Unstable,Temprano (90),45,avoid
DINO,Energy,Oil & Gas Refining & Marketing,30/09/2026,,105.95,110.53,115.11,99.08,,,,ESPERANDO FILL,,,,,,,,,,,,,,,,,,,,,,,,,,,,,,,,,,,,,,
ASC,Industrials,Marine Shipping,30/09/2026,01/10/2026,18.48,19.09,19.7,17.57,05/10/2026,19.7,0.066,WIN,0.15,0,0.15,0,-0.39,-0.39,-0.24,-3.17,-2.93,Saddle,-0.0202,0.2453,-0.0049,0.2461,Esperar,73.08,Strong/Strong Buy,1,B:11% N:16% Bu:24% S:48%,0.85,91,1.5:1,Señal máxima,20.85,0.95,0.188,0.065,EXCELENTE,-6.3,9,530.4,Alta,Bajo,Bullish,Damped,Maduro (45),95,buy
NVDA,Technology,Semiconductors,30/09/2026,,226.59,232.54,238.49,217.66,,,,ESPERANDO FILL,,,,,,,,,,,,,,,,,,,,,,,,,,,,,,,,,,,,,,
SHEL,Energy,Oil & Gas Integrated,30/09/2026,01/10/2026,94.58,96.13,97.68,92.25,,96.52,0.0205,PARCIAL TP1,0.72,0.97,-0.25,0.91,-0.42,0.49,0.23,-10.03,-9.8,Flat,-0.0085,-0.1285,0.001,0.1299,Neutral,76.6,Strong/Strong Buy,1,B:8% N:14% Bu:23% S:55%,0.91,81,1.5:1,Señal máxima,102.56,0.95,0.134,0.03,EXCELENTE,-5,6.4,200.5,Alta,Mod,Bullish,Unstable,Temprano (90),45,avoid
MOG/A,Industrials,Aerospace & Defense,30/09/2026,,377.85,389.92,401.99,359.75,,,,ESPERANDO FILL,,,,,,,,,,,,,,,,,,,,,,,,,,,,,,,,,,,,,,
NDSN,Industrials,Specialty Industrial Machinery,30/09/2026,01/10/2026,326.01,332.13,338.25,316.83,,334.42,0.0258,PARCIAL TP1,2.2,2.35,-0.15,1.93,-7.92,-5.99,-5.22,-40.28,-35.06,Local Min,0.0049,0.2996,0.0015,0.2997,Comprar,63.55,Bullish/Strong Buy,0.824,B:14% N:18% Bu:25% S:42%,0.91,70,1.5:1,Acumulación,348.19,0.8336,0.023,0.043,BUENO,-4.7,8.5,21.5,Alta,Mod,Bullish,Unstable,Temprano (90),45,avoid
ASC,Industrials,Marine Shipping,01/10/2026,02/10/2026,19.06,19.69,20.32,18.11,,19.34,0.0147,PARCIAL TP1,0.15,-0.26,-0.11,-0.24,-0.9,-0.66,-0.72,-3.71,-2.99,Flat,-0.0093,0.0444,-0.0004,0.0454,Neutral,73.08,Strong/Strong Buy,1,B:11% N:16% Bu:24% S:48%,0.85,91,1.5:1,Señal máxima,20.81,0.95,0.185,0.071,EXCELENTE,-6.3,9,530.4,Alta,Bajo,Bullish,Damped,Maduro (45),95,buy
SHEL,Energy,Oil & Gas Integrated,01/10/2026,02/10/2026,95.15,96.69,98.23,92.84,,96.52,0.0144,PARCIAL TP1,0.33,0.24,0.09,0.31,-0.9,-0.59,-0.2,-10.48,-10.28,Flat,0.0009,0.0376,0,0.0377,Neutral,70.21,Strong/Strong Buy,1,B:14% N:18% Bu:25% S:42%,0.91,81,1.5:1,Acumulación,102.84,0.8968,0.079,0.042,EXCELENTE,-5,6.4,200.5,Alta,Mod,Bullish,Unstable,Temprano (90),45,avoid
BP,Energy,Oil & Gas Integrated,01/10/2026,02/10/2026,44.18,45.25,46.32,42.58,,44.62,0.01,ACTIVA,0.23,0,0.23,0.03,0.02,0.01,0.14,-3.48,-3.34,Flat,-0.004,0.2309,-0.0009,0.2309,Neutral,63.55,Bullish/Strong Buy,0.824,B:14% N:18% Bu:25% S:42%,0.89,66,1.5:1,Acumulación,47.22,0.8435,0.071,0.028,BUENO,-10.4,5,140.1,Alta,Bajo,Bullish,Oscillating,Temprano (100),65,buy
BWLP,Energy,Oil & Gas Midstream,02/10/2026,05/10/2026,25.41,26.19,26.97,24.24,,25.94,0.0209,ACTIVA,0.09,-0.06,0.03,-0.08,-0.9,-0.82,-0.6,-6.42,-5.82,,,,,,,,,,,,,,,,,,,,,,,,,,,,,
EHLD,Industrials,Marine Shipping,02/10/2026,,11.54,12.53,13.52,10.05,,,,ESPERANDO FILL,,,,,,,,,,,,,,,,,,,,,,,,,,,,,,,,,,,,,,
ASC,Industrials,Marine Shipping,02/10/2026,05/10/2026,19.11,19.73,20.35,18.18,,19.34,0.012,PARCIAL TP1,0.16,-0.11,0.05,-0.11,-0.88,-0.77,-0.67,-3.72,-3.05,,,,,,,,,,,,,,,,,,,,,,,,,,,,,
VCTR,Financial,Asset Management,02/10/2026,,112.08,115.91,119.74,106.33,,,,ESPERANDO FILL,,,,,,,,,,,,,,,,,,,,,,,,,,,,,,,,,,,,,,
EXPD,Industrials,Integrated Freight & Logistics,02/10/2026,05/10/2026,191.21,195.2,199.19,185.22,,194.12,0.0152,PARCIAL TP1,0.67,-1.32,-0.65,-1.31,-3.68,-2.37,-2.34,-27.13,-24.79,,,,,,,,,,,,,,,,,,,,,,,,,,,,,
CIX,Industrials,Security & Protection Services,02/10/2026,05/10/2026,36.78,38.86,40.94,33.66,,38.23,0.0394,ACTIVA,1.03,0.96,0.07,0.99,-1.29,-0.3,-0.12,-9.15,-9.03,,,,,,,,,,,,,,,,,,,,,,,,,,,,,
RDVT,Technology,Software - Application,02/10/2026,,78.44,81.19,83.94,74.31,,,,ESPERANDO FILL,,,,,,,,,,,,,,,,,,,,,,,,,,,,,,,,,,,,,,
FFIV,Technology,Software - Infrastructure,02/10/2026,,449.94,463.61,477.28,429.44,,,,ESPERANDO FILL,,,,,,,,,,,,,,,,,,,,,,,,,,,,,,,,,,,,,,
PRSU,Consumer Cyclical,Travel Services,02/10/2026,05/10/2026,51.96,53.37,54.78,49.84,,52.29,0.0064,ACTIVA,0.33,-0.74,-0.41,-0.59,-2.66,-2.07,-2.25,-7.34,-5.09,,,,,,,,,,,,,,,,,,,,,,,,,,,,,
GRC,Industrials,Specialty Industrial Machinery,02/10/2026,05/10/2026,76.57,78.87,81.17,73.12,,77.55,0.0128,ACTIVA,0.63,-0.61,0.02,-0.46,-1.21,-0.75,-1.28,-6.68,-5.4,,,,,,,,,,,,,,,,,,,,,,,,,,,,,
SHEH,ETF,Exchange Traded Fund,02/10/2026,,70.64,71.54,72.44,69.29,,,,ESPERANDO FILL,,,,,,,,,,,,,,,,,,,,,,,,,,,,,,,,,,,,,,
EWY,ETF,Exchange Traded Fund,02/10/2026,,190.03,196.18,202.33,180.81,,,,ESPERANDO FILL,,,,,,,,,,,,,,,,,,,,,,,,,,,,,,,,,,,,,,
EAPR,ETF,Exchange Traded Fund,02/10/2026,,33.93,34.17,34.41,33.57,,,,ESPERANDO FILL,,,,,,,,,,,,,,,,,,,,,,,,,,,,,,,,,,,,,,
BOAT,ETF,Exchange Traded Fund,02/10/2026,05/10/2026,52.12,53.15,54.18,50.57,,52.71,0.0113,ACTIVA,0.32,-0.43,-0.11,-0.33,-1.66,-1.33,-0.86,-10.53,-9.67,,,,,,,,,,,,,,,,,,,,,,,,,,,,,
MFEM,ETF,Exchange Traded Fund,02/10/2026,,28.88,29.27,29.66,28.29,,,,ESPERANDO FILL,,,,,,,,,,,,,,,,,,,,,,,,,,,,,,,,,,,,,,
SEA,ETF,Exchange Traded Fund,02/10/2026,05/10/2026,20.62,20.94,21.26,20.14,,20.72,0.0047,PARCIAL TP1,-0.01,-0.32,-0.31,-0.23,-0.76,-0.53,-0.43,-3.12,-2.69,,,,,,,,,,,,,,,,,,,,,,,,,,,,,
