Ticket;Sector;Industry;Fecha Señal;Fecha Fill;$ Entrada;TP1;TP2;$ Stop Loss;Fecha Cierre;$ Cierre;% Gan/Per;Estado;5m Dis Ema 20;5m Dis Ema 200;5m Dif;1h Dis Ema 20;1h Dis Ema 200;1h Dif;1D Dis Ema 20;1D Dis Ema 200;1D Dif;Hessian Clase;F_XX;F_YY;Det(h);Curvatura;Hessian Señal;Markov Score;Markov Estado / Signal;Absorcion;Estacionaria;Nash;Composite;R/R;Fase;Nash Esquilibrium;Prob;Upside;20D;EZ Calidad;Roe;Roa;Eps;Analysis Calidad;Riesgo/deuda;Tendencia;Estabilidad;Eariness;Lp Score;Laplace Señal
CF;Basic Materials;Agricultural Inputs;17/07/2026;17/07/2026;120,16;124,35;128,54;113,88;23/07/2026;128,54;0,0697;WIN;;;;;;;;;;Flat;0,0813;0,0119;0,0009;0,0829;Neutral;73,08;Strong/Strong Buy;1;B:11% N:16% Bu:24% S:48%;0,94;100;1.5:1;Señal máxima;131,53;0,95;0,193;0,147;EXCELENTE;16,1;11,3;97,1;Alta;Mod;Bullish;Unstable;Fresco (55);45;avoid
INCY;Healthcare;Biotechnology;17/07/2026;20/07/2026;116,19;119,74;123,29;110,86;28/07/2026;123,29;0,0611;WIN;;;;;;;;;;Local Min;0,0333;0,0943;0,0031;0,1009;Comprar;76,6;Strong/Strong Buy;1;B:8% N:14% Bu:23% S:55%;0,94;90;1.5:1;Señal máxima;126,45;0,95;0,145;0,184;EXCELENTE;36,7;13,9;91,7;Alta;Mod;Bullish;Unstable;Tardio (35);45;avoid
EFAV;ETF;Exchange Traded Fund;17/07/2026;17/07/2026;90,82;91,58;92,34;89,68;28/07/2026;92,34;0,0167;WIN;;;;;;;;;;Saddle;0,0162;-0,4068;-0,0067;0,4075;Esperar;70,21;Strong/Strong Buy;1;B:14% N:18% Bu:25% S:42%;0,6;15;1.5:1;Señal máxima;95,75;0,7375;0,076;0,039;DÉBIL;ETF;;;;;Bullish;Unstable;Temprano (85);45;avoid
CF;Basic Materials;Agricultural Inputs;20/07/2026;20/07/2026;122,3;126,52;130,74;115,97;04/08/2026;115,96;-0,0518;LOSS;;;;;;;;;;Saddle;0,0906;-0,2732;-0,0277;0,298;Esperar;73,08;Strong/Strong Buy;1;B:11% N:16% Bu:24% S:48%;0,88;100;1.5:1;Señal máxima;133,85;0,95;0,192;0,201;EXCELENTE;15;11,3;97,1;Alta;Mod;Bullish;Unstable;Tardio (35);45;avoid
HXL;Industrials;Aerospace & Defense;20/07/2026;20/07/2026;104,79;107,91;111,03;100,11;27/07/2026;111,03;0,0595;WIN;;;;;;;;;;Local Max;-0,0128;-0,1971;0,0023;0,1987;Evitar;73,08;Strong/Strong Buy;1;B:11% N:16% Bu:24% S:48%;0,81;56;1.5:1;Señal activa;112,32;0,8974;0,109;0,083;REGULAR;-12;5;28,7;Alta;Bajo;Bullish;Damped;Tardio (35);95;buy
LVHI;ETF;Exchange Traded Fund;20/07/2026;;41,53;41,84;42,15;41,06;29/07/2026;;;SIN FILL;;;;;;;;;;Local Min;0,0086;0,2732;0,0021;0,2744;Comprar;70,21;Strong/Strong Buy;1;B:14% N:18% Bu:25% S:42%;0,73;25;1.5:1;Señal máxima;43,89;0,8175;0,105;0,026;DÉBIL;ETF;;;;;Bullish;Unstable;Temprano (100);45;avoid
EFAV;ETF;Exchange Traded Fund;20/07/2026;21/07/2026;90,4;91,14;91,88;89,29;28/07/2026;91,88;0,0164;WIN;;;;;;;;;;Flat;0,0179;-0,0364;-0,0007;0,0405;Neutral;70,21;Strong/Strong Buy;1;B:14% N:18% Bu:25% S:42%;0,78;15;1.5:1;Señal máxima;95,3;0,7375;0,076;0,037;DÉBIL;ETF;;;;;Bullish;Unstable;Temprano (100);45;avoid
RELY;Technology;Software - Infrastructure;21/07/2026;22/07/2026;23,56;24,46;25,36;22,21;06/08/2026;25,36;0,0764;WIN;;;;;;;;;;Flat;0,0461;0,0115;0,0004;0,0496;Neutral;79,31;Strong/Strong Buy;1;B:6% N:12% Bu:22% S:60%;0,91;61;1.5:1;Señal activa;25,26;0,9028;0,134;0,153;REGULAR;-6,8;6,6;332,1;Alta;Bajo;Bullish;Unstable;Tardio (35);45;avoid
NBIX;Healthcare;Drug Manufacturers - Specialty & Generic;21/07/2026;21/07/2026;177,63;182,35;187,07;170,55;23/07/2026;170,54;-0,0399;LOSS;;;;;;;;;;Saddle;0,0155;-0,1871;-0,0038;0,1923;Esperar;76,6;Strong/Strong Buy;1;B:8% N:14% Bu:23% S:55%;0,88;79;1.5:1;Señal máxima;192,1;0,95;0,133;0,108;BUENO;28,4;11,6;24,1;Alta;Bajo;Bullish;Unstable;Tardio (25);45;avoid
LVHI;ETF;Exchange Traded Fund;21/07/2026;21/07/2026;41,96;42,28;42,6;41,48;27/07/2026;42,6;0,0153;WIN;;;;;;;;;;Local Min;0,0104;0,1701;0,0013;0,1733;Comprar;70,21;Strong/Strong Buy;1;B:14% N:18% Bu:25% S:42%;0,6;25;1.5:1;Señal máxima;44,36;0,8175;0,106;0,034;DÉBIL;ETF;;;;;Bullish;Unstable;Temprano (85);45;avoid
DFSV;ETF;Exchange Traded Fund;21/07/2026;21/07/2026;39,41;39,89;40,37;38,69;04/08/2026;40,37;0,0244;WIN;;;;;;;;;;Flat;0,0021;-0,016;0;0,0162;Neutral;70,21;Strong/Strong Buy;1;B:14% N:18% Bu:25% S:42%;0,78;25;1.5:1;Señal máxima;41,7;0,8094;0,121;0,038;DÉBIL;ETF;;;;;Bullish;Unstable;Temprano (90);45;avoid
AVUV;ETF;Exchange Traded Fund;21/07/2026;21/07/2026;125,6;127,12;128,64;123,32;04/08/2026;128,64;0,0242;WIN;;;;;;;;;;Flat;-0,0001;-0,0877;0;0,0877;Neutral;70,21;Strong/Strong Buy;1;B:14% N:18% Bu:25% S:42%;0,73;25;1.5:1;Señal máxima;132,55;0,7942;0,121;0,03;DÉBIL;ETF;;;;;Bullish;Oscillating;Temprano (90);65;buy
NBIX;Healthcare;Drug Manufacturers - Specialty & Generic;22/07/2026;23/07/2026;171,18;176,22;181,26;163,62;28/07/2026;181,26;0,0589;WIN;;;;;;;;;;Saddle;0,0091;-0,3016;-0,0037;0,3049;Esperar;79,31;Strong/Strong Buy;1;B:6% N:12% Bu:22% S:60%;0,94;79;1.5:1;Señal máxima;184,44;0,9438;0,142;0,07;BUENO;28,8;11,6;24,1;Alta;Bajo;Bullish;Unstable;Temprano (85);45;avoid
HXL;Industrials;Aerospace & Defense;22/07/2026;29/07/2026;105,66;108,85;112,04;100,88;30/07/2026;100,88;-0,0452;LOSS;;;;;;;;;;Flat;-0,002;-0,1808;0,0004;0,1808;Neutral;73,08;Strong/Strong Buy;1;B:11% N:16% Bu:24% S:48%;0,81;56;1.5:1;Señal activa;113,55;0,9105;0,11;0,109;REGULAR;-12,3;5;28,7;Alta;Bajo;Bullish;Unstable;Tardio (25);45;avoid
NVDA;Technology;Semiconductors;22/07/2026;23/07/2026;209,85;217,2;224,55;198,82;27/07/2026;198,81;-0,0526;LOSS;;;;;;;;;;Saddle;0,0318;-0,2368;-0,0081;0,2412;Esperar;71,54;Bullish/Strong Buy;0,89;B:9% N:14% Bu:24% S:53%;0,93;85;1.5:1;Acumulación;225,44;0,95;0,104;0,06;EXCELENTE;95,9;52,7;210,6;Alta;Mod;Bullish;Oscillating;Temprano (75);65;buy
XLE;ETF;Exchange Traded Fund;23/07/2026;27/07/2026;59,05;60,15;61,25;57,4;28/07/2026;57,4;-0,0279;LOSS;;;;;;;;;;Saddle;0,043;-0,1844;-0,01;0,2003;Esperar;73,08;Strong/Strong Buy;1;B:11% N:16% Bu:24% S:48%;0,71;15;1.5:1;Señal máxima;62,63;0,7875;0,108;0,108;DÉBIL;ETF;;;;;Bullish;Unstable;Maduro (40);45;avoid
VCTR;Financial;Asset Management;23/07/2026;23/07/2026;95,61;98,55;101,49;91,2;03/08/2026;101,49;0,0615;WIN;;;;;;;;;;Local Min;0,0481;0,4411;0,017;0,453;Comprar;73,08;Strong/Strong Buy;1;B:11% N:16% Bu:24% S:48%;0,94;90;1.5:1;Señal máxima;103,78;0,95;0,146;0,156;EXCELENTE;-1,6;12,2;80,9;Alta;Bajo;Bullish;Oscillating;Tardio (35);65;buy
NBIX;Healthcare;Drug Manufacturers - Specialty & Generic;23/07/2026;23/07/2026;172,64;177,67;182,7;165,09;28/07/2026;182,7;0,0583;WIN;;;;;;;;;;Local Max;-0,0046;-0,3703;0,0012;0,3717;Evitar;76,6;Strong/Strong Buy;1;B:8% N:14% Bu:23% S:55%;0,91;79;1.5:1;Señal máxima;185,95;0,9428;0,141;0,049;BUENO;28,4;11,6;24,1;Alta;Bajo;Bullish;Unstable;Temprano (90);45;avoid
GD;Industrials;Aerospace & Defense;23/07/2026;23/07/2026;379,29;387,62;395,95;366,8;29/07/2026;395,94;0,0439;WIN;;;;;;;;;;Saddle;0,0267;-0,4548;-0,0127;0,4568;Esperar;73,08;Strong/Strong Buy;1;B:11% N:16% Bu:24% S:48%;0,88;75;1.5:1;Señal máxima;410,77;0,95;0,119;0,114;BUENO;-2,6;6;13,2;Alta;Mod;Bullish;Unstable;Maduro (40);45;avoid
XLE;ETF;Exchange Traded Fund;24/07/2026;27/07/2026;59,29;60,39;61,49;57,64;28/07/2026;57,64;-0,0278;LOSS;;;;;;;;;;Flat;0,0354;0,0372;0,0008;0,0609;Neutral;73,08;Strong/Strong Buy;1;B:11% N:16% Bu:24% S:48%;0,71;15;1.5:1;Señal máxima;62,89;0,7875;0,108;0,102;DÉBIL;ETF;;;;;Bullish;Unstable;Maduro (40);45;avoid
SEIC;Financial;Asset Management;24/07/2026;24/07/2026;98,43;101,06;103,69;94,49;28/07/2026;103,69;0,0534;WIN;;;;;;;;;;Saddle;0,0341;-0,1619;-0,0058;0,1673;Esperar;73,08;Strong/Strong Buy;1;B:11% N:16% Bu:24% S:48%;0,94;84;1.5:1;Señal máxima;106,59;0,95;0,133;0,128;EXCELENTE;6,2;14;15,2;Alta;Mod;Bullish;Oscillating;Fresco (65);65;buy
EMR;Industrials;Specialty Industrial Machinery;24/07/2026;24/07/2026;146,67;150,89;155,11;140,34;04/08/2026;155,1;0,0575;WIN;;;;;;;;;;Flat;-0,0058;0,1216;-0,0007;0,1217;Neutral;70,21;Strong/Strong Buy;1;B:14% N:18% Bu:25% S:42%;0,89;66;1.5:1;Señal activa;158,42;0,9216;0,106;0,018;BUENO;-8,8;6,7;27,4;Alta;Bajo;Bullish;Unstable;Temprano (90);45;avoid
HDV;ETF;Exchange Traded Fund;24/07/2026;24/07/2026;28,64;28,99;29,34;28,12;28/07/2026;29,34;0,0244;WIN;;;;;;;;;;Saddle;0,0106;-0,1379;-0,0015;0,1384;Esperar;73,77;Strong/Strong Buy;1;B:11% N:16% Bu:24% S:49%;0,6;15;1.5:1;Señal máxima;30,27;0,7375;0,089;0,048;DÉBIL;ETF;;;;;Bullish;Unstable;Temprano (75);45;avoid
OVV;Energy;Oil & Gas E&P;27/07/2026;28/07/2026;59,57;61,28;62,99;57,01;29/07/2026;62,99;0,0574;WIN;;;;;;;;;;Local Min;0,0361;0,2886;0,0094;0,2943;Comprar;73,08;Strong/Strong Buy;1;B:11% N:16% Bu:24% S:48%;0,94;66;1.5:1;Señal activa;64,58;0,9405;0,139;0,122;BUENO;-7,5;8,6;48,5;Alta;Bajo;Bullish;Unstable;Fresco (55);45;avoid
XLE;ETF;Exchange Traded Fund;27/07/2026;28/07/2026;58,03;59,13;60,23;56,38;11/08/2026;60,23;0,0379;WIN;;;;;;;;;;Flat;0,0301;0,0349;0,0006;0,055;Neutral;73,08;Strong/Strong Buy;1;B:11% N:16% Bu:24% S:48%;0,85;15;1.5:1;Señal máxima;61,39;0,7875;0,11;0,079;DÉBIL;ETF;;;;;Bullish;Unstable;Temprano (75);45;avoid
SCHD;ETF;Exchange Traded Fund;27/07/2026;27/07/2026;33,32;33,7;34,08;32,75;28/07/2026;34,08;0,0228;WIN;;;;;;;;;;Local Min;0,0139;0,112;0,0015;0,1133;Comprar;70,21;Strong/Strong Buy;1;B:14% N:18% Bu:25% S:42%;0,6;15;1.5:1;Señal máxima;35,19;0,7375;0,086;0,046;DÉBIL;ETF;;;;;Bullish;Unstable;Temprano (75);45;avoid
FDL;ETF;Exchange Traded Fund;27/07/2026;27/07/2026;51,53;52,22;52,91;50,5;28/07/2026;52,91;0,0268;WIN;;;;;;;;;;Local Min;0,0164;0,0879;0,0013;0,0914;Comprar;73,08;Strong/Strong Buy;1;B:11% N:16% Bu:24% S:48%;0,85;15;1.5:1;Señal máxima;54,49;0,7375;0,092;0,053;DÉBIL;ETF;;;;;Bullish;Unstable;Temprano (75);45;avoid
EOG;Energy;Oil & Gas E&P;28/07/2026;05/08/2026;138,51;142,29;146,07;132,84;17/08/2026;146,07;0,0546;WIN;;;;;;;;;;Local Min;0,019;0,1109;0,0018;0,1153;Comprar;75,88;Strong/Strong Buy;1;B:9% N:14% Bu:24% S:53%;0,94;91;1.5:1;Señal máxima;150,52;0,95;0,169;0,066;EXCELENTE;2,4;9;35,3;Alta;Mod;Bullish;Oscillating;Temprano (95);65;buy
STLD;Basic Materials;Steel;28/07/2026;28/07/2026;257,23;265,59;273,95;244,69;19/08/2026;244,68;-0,0488;LOSS;;;;;;;;;;Saddle;0,0516;-0,3483;-0,0208;0,3601;Esperar;73,08;Strong/Strong Buy;1;B:11% N:16% Bu:24% S:48%;0,88;81;1.5:1;Señal máxima;279,56;0,95;0,151;0,112;EXCELENTE;5,1;7,9;78,8;Alta;Mod;Bullish;Damped;Tardio (25);95;buy
GWW;Industrials;Industrial Distribution;28/07/2026;28/07/2026;1389,75;1420,26;1450,77;1343,98;30/07/2026;1344,03;-0,0329;LOSS;;;;;;;;;;Local Max;-0,015;-0,5911;0,0086;0,5917;Evitar;73,77;Strong/Strong Buy;1;B:11% N:16% Bu:24% S:49%;0,91;79;1.5:1;Señal máxima;1491,3;0,8973;0,085;0,034;BUENO;24,8;19,5;15,9;Alta;Mod;Bullish;Damped;Temprano (90);85;buy
BRK/B;Financial;Insurance - Diversified;28/07/2026;28/07/2026;510,24;517,33;524,42;499,61;28/07/2026;499,63;-0,0208;LOSS;;;;;;;;;;Flat;-0,0029;-0,0035;0;0,0046;Neutral;70,21;Strong/Strong Buy;1;B:14% N:18% Bu:25% S:42%;0,78;71;1.5:1;Señal máxima;551,45;0,95;0,126;0,033;BUENO;-12,9;5,4;119,6;Alta;Bajo;Bullish;Oscillating;Temprano (75);65;buy
SNA;Industrials;Tools & Accessories;28/07/2026;28/07/2026;416,5;425,87;435,24;402,44;14/08/2026;402,42;-0,0338;LOSS;;;;;;;;;;Flat;-0,0047;-0,0678;0,0003;0,0681;Neutral;73,08;Strong/Strong Buy;1;B:11% N:16% Bu:24% S:48%;0,93;69;1.5:1;Señal activa;448,72;0,9203;0,12;0,053;BUENO;-3,4;9,8;4,1;Aceptable;Bajo;Bullish;Oscillating;Temprano (75);65;buy
UGI;Utilities;Utilities - Regulated Gas;28/07/2026;29/07/2026;36,73;37,43;38,13;35,68;31/07/2026;35,68;-0,0286;LOSS;;;;;;;;;;Flat;0,0116;-0,0428;-0,0006;0,0471;Neutral;76,6;Strong/Strong Buy;1;B:8% N:14% Bu:23% S:55%;0,91;61;1.5:1;Señal activa;39,77;0,9169;0,143;0,059;REGULAR;4;4,6;8,6;Débil;Mod;Bullish;Unstable;Temprano (75);45;avoid
SPYD;ETF;Exchange Traded Fund;28/07/2026;28/07/2026;50,37;50,95;51,53;49,5;30/07/2026;49,5;-0,0173;LOSS;;;;;;;;;;Flat;0,0035;-0,2715;-0,001;0,2717;Neutral;73,77;Strong/Strong Buy;1;B:11% N:16% Bu:24% S:49%;0,6;15;1.5:1;Señal máxima;53,2;0,7375;0,086;0,044;DÉBIL;ETF;;;;;Bullish;Oscillating;Temprano (75);65;buy
STLD;Basic Materials;Steel;29/07/2026;30/07/2026;249,7;258,51;267,32;236,48;05/08/2026;267,33;0,0706;WIN;;;;;;;;;;Saddle;0,0549;-0,5753;-0,0351;0,5839;Esperar;75,88;Strong/Strong Buy;1;B:9% N:14% Bu:24% S:53%;0,94;81;1.5:1;Señal máxima;271,01;0,95;0,16;0,1;EXCELENTE;5;7,9;78,8;Alta;Mod;Bullish;Oscillating;Fresco (65);65;buy
BRK/B;Financial;Insurance - Diversified;29/07/2026;30/07/2026;507,05;514,07;521,09;496,52;06/08/2026;521,1;0,0277;WIN;;;;;;;;;;Flat;-0,0111;-0,0677;0,0007;0,0698;Neutral;70,21;Strong/Strong Buy;1;B:14% N:18% Bu:25% S:42%;0,89;71;1.5:1;Señal máxima;548,16;0,95;0,126;0,018;BUENO;-12,9;5,4;119,6;Alta;Bajo;Bullish;Unstable;Temprano (90);45;avoid
NUE;Basic Materials;Steel;29/07/2026;30/07/2026;253,47;261,98;270,49;240,7;04/08/2026;270,48;0,0671;WIN;;;;;;;;;;Saddle;0,0643;-0,3877;-0,0293;0,404;Esperar;73,08;Strong/Strong Buy;1;B:11% N:16% Bu:24% S:48%;0,94;66;1.5:1;Señal activa;275,61;0,9405;0,155;0,149;BUENO;2;7,3;91,7;Alta;Bajo;Bullish;Oscillating;Maduro (40);75;buy
UGI;Utilities;Utilities - Regulated Gas;29/07/2026;29/07/2026;36,5;37,22;37,94;35,42;05/08/2026;35,42;-0,0296;LOSS;;;;;;;;;;Flat;0,0053;-0,0858;-0,0006;0,0874;Neutral;79,31;Strong/Strong Buy;1;B:6% N:12% Bu:22% S:60%;0,91;61;1.5:1;Señal activa;39,48;0,9094;0,145;0,063;REGULAR;4;4,6;8,6;Débil;Mod;Bullish;Oscillating;Temprano (85);65;buy
DFSV;ETF;Exchange Traded Fund;29/07/2026;30/07/2026;39,54;40,01;40,48;38,84;04/08/2026;40,48;0,0238;WIN;;;;;;;;;;Flat;-0,0022;0,1059;-0,0002;0,106;Neutral;73,08;Strong/Strong Buy;1;B:11% N:16% Bu:24% S:48%;0,78;25;1.5:1;Señal máxima;41,9;0,8173;0,12;0,023;DÉBIL;ETF;;;;;Bullish;Unstable;Temprano (90);45;avoid
SPYD;ETF;Exchange Traded Fund;29/07/2026;30/07/2026;50,24;50,81;51,38;49,39;30/07/2026;49,39;-0,0169;LOSS;;;;;;;;;;Saddle;0,0082;-0,4579;-0,0038;0,458;Esperar;76,6;Strong/Strong Buy;1;B:8% N:14% Bu:23% S:55%;0,71;15;1.5:1;Señal máxima;53,06;0,7375;0,086;0,057;DÉBIL;ETF;;;;;Bullish;Unstable;Fresco (60);45;avoid
INCY;Healthcare;Biotechnology;30/07/2026;30/07/2026;121,71;125,98;130,25;115,3;25/08/2026;130,25;0,0702;WIN;;;;;;;;;;Saddle;-0,0339;0,1515;-0,0069;0,1662;Esperar;76,6;Strong/Strong Buy;1;B:8% N:14% Bu:23% S:55%;0,94;90;1.5:1;Señal máxima;132,35;0,95;0,159;0,081;EXCELENTE;36,1;16,8;44,6;Alta;Bajo;Bullish;Oscillating;Maduro (50);65;buy
MNST;Consumer Defensive;Beverages - Non-Alcoholic;30/07/2026;30/07/2026;97;99,16;101,32;93,76;03/08/2026;93,76;-0,0334;LOSS;;;;;;;;;;Flat;-0,0236;0,0008;0;0,0237;Neutral;76,6;Strong/Strong Buy;1;B:8% N:14% Bu:23% S:55%;0,91;80;1.5:1;Señal máxima;103,09;0,8983;0,086;0,003;EXCELENTE;-15,2;17,7;28,6;Alta;Bajo;Bullish;Unstable;Temprano (90);45;avoid
KOF;Consumer Defensive;Beverages - Non-Alcoholic;30/07/2026;30/07/2026;108,27;111,1;113,93;104,02;19/08/2026;113,93;0,0523;WIN;;;;;;;;;;Local Min;0,0176;0,2637;0,0036;0,2684;Comprar;70,21;Strong/Strong Buy;1;B:14% N:18% Bu:25% S:42%;0,82;60;1.5:1;Señal máxima;117,54;0,9225;0,132;0,043;REGULAR;-24,7;7,7;16,9;Alta;Mod;Bullish;Oscillating;Temprano (90);65;buy
EWZ;ETF;Exchange Traded Fund;31/07/2026;31/07/2026;36,46;37,09;37,72;35,52;07/08/2026;35,52;-0,0258;LOSS;;;;;;;;;;Local Min;0,015;0,1548;0,0022;0,1563;Comprar;75,88;Strong/Strong Buy;1;B:9% N:14% Bu:24% S:53%;0,82;25;1.5:1;Señal máxima;38,56;0,7893;0,137;0,065;DÉBIL;ETF;;;;;Bullish;Unstable;Temprano (85);45;avoid
FHI;Financial;Asset Management;31/07/2026;31/07/2026;59,52;61;62,48;57,3;03/08/2026;62,48;0,0497;WIN;;;;;;;;;;Saddle;0,0112;-0,3034;-0,0034;0,3036;Esperar;75,88;Strong/Strong Buy;1;B:9% N:14% Bu:24% S:53%;0,93;94;1.5:1;Señal máxima;64,4;0,95;0,162;0,059;EXCELENTE;7,6;14,6;14,6;Alta;Mod;Bullish;Oscillating;Temprano (75);65;buy
GD;Industrials;Aerospace & Defense;31/07/2026;31/07/2026;380,81;389,5;398,19;367,77;31/08/2026;367,79;-0,0342;LOSS;;;;;;;;;;Local Max;-0,021;-0,4163;0,0086;0,4171;Evitar;70,21;Strong/Strong Buy;1;B:14% N:18% Bu:25% S:42%;0,91;75;1.5:1;Señal máxima;410,18;0,95;0,121;0,026;BUENO;-4,3;6,1;14,4;Alta;Mod;Bullish;Oscillating;Temprano (75);65;buy
FMX;Consumer Defensive;Beverages - Brewers;31/07/2026;31/07/2026;126,71;130,98;135,25;120,3;10/08/2026;120,3;-0,0506;LOSS;;;;;;;;;;Local Max;-0,0134;-0,2663;0,0031;0,2684;Evitar;73,08;Strong/Strong Buy;1;B:11% N:16% Bu:24% S:48%;0,91;66;1.5:1;Señal activa;137,36;0,924;0,155;0,004;BUENO;-27;6,4;104,1;Alta;Mod;Bullish;Oscillating;Temprano (100);65;buy
VYMI;ETF;Exchange Traded Fund;31/07/2026;31/07/2026;103,23;104,34;105,45;101,56;25/08/2026;105,45;0,0215;WIN;;;;;;;;;;Flat;0,0077;-0,0727;-0,0006;0,0734;Neutral;70,21;Strong/Strong Buy;1;B:14% N:18% Bu:25% S:42%;0,78;25;1.5:1;Señal máxima;109,32;0,8175;0,116;0,043;DÉBIL;ETF;;;;;Bullish;Unstable;Temprano (90);45;avoid
DVYE;ETF;Exchange Traded Fund;31/07/2026;31/07/2026;34,15;34,51;34,87;33,61;19/08/2026;34,87;0,0211;WIN;;;;;;;;;;Local Min;0,0278;1,1774;0,032;1,1782;Comprar;73,08;Strong/Strong Buy;1;B:11% N:16% Bu:24% S:48%;0,82;25;1.5:1;Señal máxima;36,1;0,8084;0,116;0,065;DÉBIL;ETF;;;;;Bullish;Unstable;Temprano (85);45;avoid
SCHD;ETF;Exchange Traded Fund;31/07/2026;31/07/2026;33,34;33,76;34,18;32,71;10/08/2026;34,18;0,0252;WIN;;;;;;;;;;Flat;0,0061;0,0359;0,0002;0,0364;Neutral;73,77;Strong/Strong Buy;1;B:11% N:16% Bu:24% S:49%;0,78;15;1.5:1;Señal máxima;35,24;0,7375;0,089;0,033;DÉBIL;ETF;;;;;Bullish;Unstable;Temprano (90);45;avoid
EFAV;ETF;Exchange Traded Fund;31/07/2026;31/07/2026;92,66;93,58;94,5;91,28;21/08/2026;94,5;0,0199;WIN;;;;;;;;;;Local Min;0,0075;0,2294;0,0017;0,2296;Comprar;73,77;Strong/Strong Buy;1;B:11% N:16% Bu:24% S:49%;0,6;15;1.5:1;Señal máxima;97,78;0,7375;0,081;0,044;DÉBIL;ETF;;;;;Bullish;Unstable;Temprano (75);45;avoid
VYMI;ETF;Exchange Traded Fund;03/08/2026;;103,43;104,49;105,55;101,84;12/08/2026;;;SIN FILL;;;;;;;;;;Saddle;0,0046;-0,2939;-0,0014;0,2942;Esperar;70,21;Strong/Strong Buy;1;B:14% N:18% Bu:25% S:42%;0,6;25;1.5:1;Señal máxima;109,5;0,8175;0,114;0,035;DÉBIL;ETF;;;;;Bullish;Unstable;Temprano (75);45;avoid
DVYE;ETF;Exchange Traded Fund;03/08/2026;03/08/2026;34,12;34,48;34,84;33,58;19/08/2026;34,84;0,0211;WIN;;;;;;;;;;Local Min;0,0185;1,0691;0,0193;1,0697;Comprar;70,21;Strong/Strong Buy;1;B:14% N:18% Bu:25% S:42%;0,78;25;1.5:1;Señal máxima;36;0,7984;0,115;0,044;DÉBIL;ETF;;;;;Bullish;Unstable;Temprano (100);45;avoid
FNDE;ETF;Exchange Traded Fund;03/08/2026;03/08/2026;41,18;41,68;42,18;40,43;28/08/2026;42,18;0,0243;WIN;;;;;;;;;;Saddle;0,0145;-0,1433;-0,0022;0,1448;Esperar;68,11;Strong/Strong Buy;1;B:17% N:20% Bu:25% S:39%;0,73;25;1.5:1;Señal máxima;43,38;0,7847;0,121;0,03;DÉBIL;ETF;;;;;Bullish;Oscillating;Temprano (100);65;buy
LVHI;ETF;Exchange Traded Fund;03/08/2026;03/08/2026;42,54;42,88;43,22;42,03;25/08/2026;43,22;0,016;WIN;;;;;;;;;;Flat;0,0056;-0,0558;-0,0004;0,0585;Neutral;73,77;Strong/Strong Buy;1;B:11% N:16% Bu:24% S:49%;0,59;15;1.5:1;Señal máxima;44,97;0,7875;0,107;0,038;DÉBIL;ETF;;;;;Bullish;Unstable;Temprano (75);45;avoid
RWL;ETF;Exchange Traded Fund;04/08/2026;04/08/2026;133,64;134,87;136,1;131,79;16/09/2026;131,8;-0,0138;LOSS;;;;;;;;;;Flat;0,0007;-0,0015;0;0,0017;Neutral;70,21;Strong/Strong Buy;1;B:14% N:18% Bu:25% S:42%;0,6;15;1.5:1;Señal máxima;140,97;0,7375;0,079;0,03;DÉBIL;ETF;;;;;Bullish;Unstable;Temprano (75);45;avoid
STLD;Basic Materials;Steel;04/08/2026;04/08/2026;262,36;271,49;280,62;248,67;19/08/2026;248,66;-0,0522;LOSS;;;;;;;;;;Saddle;0,0733;-0,4135;-0,0328;0,4258;Esperar;73,08;Strong/Strong Buy;1;B:11% N:16% Bu:24% S:48%;0,88;81;1.5:1;Señal máxima;286,07;0,95;0,159;0,154;EXCELENTE;4,4;7,9;78,8;Alta;Mod;Bullish;Unstable;Extendido (20);45;avoid
PFF;ETF;Exchange Traded Fund;04/08/2026;04/08/2026;30,66;30,89;31,12;30,32;01/09/2026;30,32;-0,0111;LOSS;;;;;;;;;;Flat;0,005;0,0234;0,0001;0,0241;Neutral;73,08;Strong/Strong Buy;1;B:11% N:16% Bu:24% S:48%;0,78;25;1.5:1;Señal máxima;32,3;0,8;0,106;0,012;DÉBIL;ETF;;;;;Bullish;Oscillating;Temprano (100);65;buy
FNDE;ETF;Exchange Traded Fund;04/08/2026;04/08/2026;41,56;42,06;42,56;40,81;01/09/2026;42,56;0,0241;WIN;;;;;;;;;;Local Min;0,0167;0,0912;0,0014;0,094;Comprar;70,91;Strong/Strong Buy;1;B:13% N:18% Bu:24% S:44%;0,82;25;1.5:1;Señal máxima;43,85;0,7939;0,12;0,058;DÉBIL;ETF;;;;;Bullish;Oscillating;Temprano (75);65;buy
DVYE;ETF;Exchange Traded Fund;04/08/2026;04/08/2026;34,12;34,47;34,82;33,59;19/08/2026;34,82;0,0205;WIN;;;;;;;;;;Local Min;0,0151;1,7442;0,0255;1,7448;Comprar;73,08;Strong/Strong Buy;1;B:11% N:16% Bu:24% S:48%;0,85;25;1.5:1;Señal máxima;35,97;0,7942;0,114;0,053;DÉBIL;ETF;;;;;Bullish;Unstable;Temprano (85);45;avoid
SCHD;ETF;Exchange Traded Fund;04/08/2026;04/08/2026;33,72;34,15;34,58;33,07;18/08/2026;34,58;0,0255;WIN;;;;;;;;;;Flat;0,0061;0,1452;0,0009;0,1454;Neutral;73,77;Strong/Strong Buy;1;B:11% N:16% Bu:24% S:49%;0,6;15;1.5:1;Señal máxima;35,64;0,7375;0,09;0,04;DÉBIL;ETF;;;;;Bullish;Oscillating;Fresco (60);65;buy
DON;ETF;Exchange Traded Fund;04/08/2026;04/08/2026;58,5;59,14;59,78;57,54;31/08/2026;57,54;-0,0164;LOSS;;;;;;;;;;Flat;0,0015;0,3019;0,0004;0,3021;Neutral;70,21;Strong/Strong Buy;1;B:14% N:18% Bu:25% S:42%;0,6;15;1.5:1;Señal máxima;61,77;0,7375;0,084;0,037;DÉBIL;ETF;;;;;Bullish;Unstable;Temprano (75);45;avoid
VOE;ETF;Exchange Traded Fund;04/08/2026;04/08/2026;206,74;208,86;210,98;203,56;14/08/2026;210,98;0,0205;WIN;;;;;;;;;;Flat;0,0003;0,053;0;0,0531;Neutral;73,77;Strong/Strong Buy;1;B:11% N:16% Bu:24% S:49%;0,6;15;1.5:1;Señal máxima;218,21;0,7375;0,082;0,033;DÉBIL;ETF;;;;;Bullish;Oscillating;Fresco (60);65;buy
SDVY;ETF;Exchange Traded Fund;04/08/2026;04/08/2026;44,77;45,33;45,89;43,93;20/08/2026;43,93;-0,0188;LOSS;;;;;;;;;;Flat;0,0004;0,3444;0,0001;0,3444;Neutral;70,21;Strong/Strong Buy;1;B:14% N:18% Bu:25% S:42%;0,6;15;1.5:1;Señal máxima;47,32;0,7375;0,089;0,044;DÉBIL;ETF;;;;;Bullish;Unstable;Temprano (75);45;avoid
SPYD;ETF;Exchange Traded Fund;04/08/2026;04/08/2026;50;50,64;51,28;49,04;09/09/2026;49,04;-0,0192;LOSS;;;;;;;;;;Flat;0,002;-0,0741;-0,0002;0,0742;Neutral;73,77;Strong/Strong Buy;1;B:11% N:16% Bu:24% S:49%;0,78;15;1.5:1;Señal máxima;52,85;0,7375;0,09;0,034;DÉBIL;ETF;;;;;Bullish;Oscillating;Temprano (75);65;buy
LVHI;ETF;Exchange Traded Fund;04/08/2026;04/08/2026;42,58;42,91;43,24;42,09;26/08/2026;43,24;0,0155;WIN;;;;;;;;;;Flat;0,0009;0,0498;0;0,0502;Neutral;73,77;Strong/Strong Buy;1;B:11% N:16% Bu:24% S:49%;0,59;15;1.5:1;Señal máxima;45,01;0,7875;0,107;0,034;DÉBIL;ETF;;;;;Bullish;Oscillating;Temprano (70);65;buy
RWL;ETF;Exchange Traded Fund;05/08/2026;06/08/2026;133,58;134,79;136;131,77;16/09/2026;131,78;-0,0135;LOSS;;;;;;;;;;Flat;0,004;0,0039;0;0,0056;Neutral;70,21;Strong/Strong Buy;1;B:14% N:18% Bu:25% S:42%;0,6;15;1.5:1;Señal máxima;140,88;0,7375;0,078;0,036;DÉBIL;ETF;;;;;Bullish;Oscillating;Temprano (75);65;buy
VLO;Energy;Oil & Gas Refining & Marketing;05/08/2026;06/08/2026;299,03;310,22;321,41;282,24;11/08/2026;321,4;0,0748;WIN;;;;;;;;;;Local Max;-0,0056;-0,5883;0,003;0,5889;Evitar;79,31;Strong/Strong Buy;1;B:6% N:12% Bu:22% S:60%;0,94;100;1.5:1;Señal máxima;327,12;0,95;0,202;0,073;EXCELENTE;10,7;10,6;421;Alta;Mod;Bullish;Unstable;Fresco (60);45;avoid
PFF;ETF;Exchange Traded Fund;05/08/2026;05/08/2026;30,67;30,89;31,11;30,34;01/09/2026;30,34;-0,0108;LOSS;;;;;;;;;;Saddle;0,0066;-0,2504;-0,0017;0,2506;Esperar;70,21;Strong/Strong Buy;1;B:14% N:18% Bu:25% S:42%;0,78;25;1.5:1;Señal máxima;32,34;0,8056;0,105;0,014;DÉBIL;ETF;;;;;Bullish;Oscillating;Temprano (100);65;buy
FNDE;ETF;Exchange Traded Fund;05/08/2026;06/08/2026;41,37;41,85;42,33;40,65;28/08/2026;42,33;0,0232;WIN;;;;;;;;;;Saddle;0,0104;-0,2093;-0,0027;0,2122;Esperar;68,11;Strong/Strong Buy;1;B:17% N:20% Bu:25% S:39%;0,73;25;1.5:1;Señal máxima;43,66;0,7968;0,119;0,04;DÉBIL;ETF;;;;;Bullish;Damped;Temprano (100);85;buy
DVYE;ETF;Exchange Traded Fund;05/08/2026;13/08/2026;34,02;34,36;34,7;33,51;19/08/2026;34,7;0,02;WIN;;;;;;;;;;Local Min;0,0097;1,9597;0,0182;1,9602;Comprar;70,21;Strong/Strong Buy;1;B:14% N:18% Bu:25% S:42%;0,78;25;1.5:1;Señal máxima;35,85;0,7935;0,114;0,042;DÉBIL;ETF;;;;;Bullish;Unstable;Temprano (100);45;avoid
SDVY;ETF;Exchange Traded Fund;05/08/2026;06/08/2026;44,49;45,05;45,61;43,65;25/08/2026;43,65;-0,0189;LOSS;;;;;;;;;;Flat;0,0067;-0,012;-0,0001;0,0137;Neutral;76,6;Strong/Strong Buy;1;B:8% N:14% Bu:23% S:55%;0,71;15;1.5:1;Señal máxima;47,02;0,7375;0,089;0,054;DÉBIL;ETF;;;;;Bullish;Unstable;Fresco (60);45;avoid
VIGI;ETF;Exchange Traded Fund;05/08/2026;;98,01;98,99;99,97;96,54;14/08/2026;;;SIN FILL;;;;;;;;;;Saddle;0,006;-0,2443;-0,0015;0,2446;Esperar;73,77;Strong/Strong Buy;1;B:11% N:16% Bu:24% S:49%;0,6;15;1.5:1;Señal máxima;103,42;0,7375;0,081;0,043;DÉBIL;ETF;;;;;Bullish;Unstable;Temprano (75);45;avoid
LVHI;ETF;Exchange Traded Fund;05/08/2026;;42,47;42,81;43,15;41,96;14/08/2026;;;SIN FILL;;;;;;;;;;Flat;0,0028;0,4058;0,0007;0,407;Neutral;73,77;Strong/Strong Buy;1;B:11% N:16% Bu:24% S:49%;0,77;15;1.5:1;Señal máxima;44,9;0,7875;0,108;0,034;DÉBIL;ETF;;;;;Bullish;Oscillating;Temprano (85);65;buy
VLO;Energy;Oil & Gas Refining & Marketing;06/08/2026;06/08/2026;299,63;310,84;322,05;282,81;11/08/2026;322,04;0,0748;WIN;;;;;;;;;;Local Max;-0,0067;-0,5168;0,0035;0,5168;Evitar;75,88;Strong/Strong Buy;1;B:9% N:14% Bu:24% S:53%;0,94;100;1.5:1;Señal máxima;325,7;0,95;0,202;0,082;EXCELENTE;10,5;10,6;421;Alta;Mod;Bullish;Oscillating;Maduro (50);65;buy
EC;Energy;Oil & Gas Integrated;06/08/2026;06/08/2026;17,21;17,84;18,47;16,27;25/09/2026;16,27;-0,0546;LOSS;;;;;;;;;;Saddle;0,0378;-0,4469;-0,017;0,4488;Esperar;73,08;Strong/Strong Buy;1;B:11% N:16% Bu:24% S:48%;0,94;91;1.5:1;Señal máxima;18,75;0,95;0,198;0,131;EXCELENTE;-1,2;7,3;234,6;Alta;Mod;Bullish;Unstable;Maduro (50);45;avoid
WTS;Industrials;Specialty Industrial Machinery;06/08/2026;06/08/2026;373,86;384,72;395,58;357,57;01/09/2026;357,56;-0,0436;LOSS;;;;;;;;;;Local Max;-0,0031;-2,1678;0,0059;2,1682;Evitar;73,08;Strong/Strong Buy;1;B:11% N:16% Bu:24% S:48%;0,88;80;1.5:1;Señal máxima;402,81;0,95;0,107;0,084;EXCELENTE;-3,4;11,5;34,6;Alta;Bajo;Bullish;Damped;Tardio (35);95;buy
ET;Energy;Oil & Gas Midstream;06/08/2026;06/08/2026;20,57;20,92;21,27;20,05;18/08/2026;21,27;0,034;WIN;;;;;;;;;;Flat;0,0014;0,2961;0,0004;0,2961;Neutral;70,21;Strong/Strong Buy;1;B:14% N:18% Bu:25% S:42%;0,82;71;1.5:1;Señal máxima;22,17;0,9246;0,103;0,045;BUENO;-2,5;5,1;79,5;Alta;Mod;Bullish;Unstable;Temprano (75);45;avoid
DVYE;ETF;Exchange Traded Fund;06/08/2026;13/08/2026;34,06;34,4;34,74;33,55;19/08/2026;34,74;0,02;WIN;;;;;;;;;;Local Min;0,0105;1,8782;0,0187;1,8787;Comprar;70,21;Strong/Strong Buy;1;B:14% N:18% Bu:25% S:42%;0,78;25;1.5:1;Señal máxima;35,81;0,7822;0,113;0,042;DÉBIL;ETF;;;;;Bullish;Oscillating;Temprano (85);65;buy
SDVY;ETF;Exchange Traded Fund;06/08/2026;11/08/2026;44,34;44,89;45,44;43,52;31/08/2026;43,52;-0,0185;LOSS;;;;;;;;;;Flat;0,0033;0,2241;0,0007;0,2244;Neutral;73,77;Strong/Strong Buy;1;B:11% N:16% Bu:24% S:49%;0,78;15;1.5:1;Señal máxima;46,86;0,7375;0,089;0,04;DÉBIL;ETF;;;;;Bullish;Unstable;Temprano (90);45;avoid
VIGI;ETF;Exchange Traded Fund;06/08/2026;;98,19;99,14;100,09;96,77;17/08/2026;;;SIN FILL;;;;;;;;;;Flat;0,0058;0,1454;0,0008;0,1456;Neutral;73,77;Strong/Strong Buy;1;B:11% N:16% Bu:24% S:49%;0,6;15;1.5:1;Señal máxima;103,59;0,7375;0,08;0,043;DÉBIL;ETF;;;;;Bullish;Unstable;Temprano (75);45;avoid
SARO;Industrials;Aerospace & Defense;06/08/2026;07/08/2026;29,69;30,72;31,75;28,15;11/08/2026;28,15;-0,0519;LOSS;;;;;;;;;;Flat;-0,0071;0,0982;-0,0007;0,0986;Neutral;75,88;Strong/Strong Buy;1;B:9% N:14% Bu:24% S:53%;0,93;66;1.5:1;Señal activa;32,16;0,9342;0,123;0,069;BUENO;-10,8;5,3;27;Alta;Mod;Bullish;Oscillating;Temprano (75);65;buy
HRMY;Healthcare;Biotechnology;07/08/2026;14/08/2026;37,94;39,49;41,04;35,61;01/09/2026;41,04;0,0817;WIN;;;;;;;;;;Flat;0,0032;0,1446;0,0004;0,1452;Neutral;70,21;Strong/Strong Buy;1;B:14% N:18% Bu:25% S:42%;0,91;100;1.5:1;Señal máxima;41,55;0,95;0,213;0,043;EXCELENTE;32,9;11,6;89,6;Alta;Bajo;Bullish;Unstable;Temprano (75);45;avoid
HDEF;ETF;Exchange Traded Fund;07/08/2026;10/08/2026;34,03;34,33;34,63;33,58;09/09/2026;33,58;-0,0132;LOSS;;;;;;;;;;Saddle;0,0018;-3,4587;-0,0062;3,4587;Esperar;73,77;Strong/Strong Buy;1;B:11% N:16% Bu:24% S:49%;0,59;15;1.5:1;Señal máxima;36;0,7875;0,11;0,043;DÉBIL;ETF;;;;;Bullish;Unstable;Temprano (75);45;avoid
FEOE;ETF;Exchange Traded Fund;10/08/2026;12/08/2026;56,07;56,8;57,53;54,98;21/08/2026;57,53;0,026;WIN;;;;;;;;;;Flat;0,0142;-0,0377;-0,0005;0,0403;Neutral;73,08;Strong/Strong Buy;1;B:11% N:16% Bu:24% S:48%;0,71;15;1.5:1;Señal máxima;59,28;0,7375;0,091;0,054;DÉBIL;ETF;;;;;Bullish;Unstable;Fresco (60);45;avoid
CF;Basic Materials;Agricultural Inputs;10/08/2026;10/08/2026;120,07;124,78;129,49;113;21/08/2026;129,5;0,0785;WIN;;;;;;;;;;Local Max;-0,0297;-0,1613;0,0046;0,1653;Evitar;73,08;Strong/Strong Buy;1;B:11% N:16% Bu:24% S:48%;0,89;100;1.5:1;Señal máxima;130,63;0,95;0,207;0,005;EXCELENTE;18,2;12,9;88,3;Alta;Mod;Bullish;Unstable;Temprano (100);45;avoid
EC;Energy;Oil & Gas Integrated;10/08/2026;11/08/2026;16,86;17,5;18,14;15,9;19/08/2026;18,14;0,0759;WIN;;;;;;;;;;Saddle;0,0231;-0,3987;-0,0094;0,3999;Esperar;75,88;Strong/Strong Buy;1;B:9% N:14% Bu:24% S:53%;0,94;91;1.5:1;Señal máxima;18,45;0,95;0,204;0,074;EXCELENTE;-3;7,3;234,8;Alta;Mod;Bullish;Unstable;Fresco (60);45;avoid
PBYI;Healthcare;Biotechnology;10/08/2026;10/08/2026;8,56;8,98;9,4;7,93;19/08/2026;9,4;0,0981;WIN;;;;;;;;;;Local Max;-0,0086;-0,7629;0,0064;0,7632;Evitar;73,08;Strong/Strong Buy;1;B:11% N:16% Bu:24% S:48%;0,94;86;1.5:1;Señal máxima;9,4;0,95;0,202;0,075;EXCELENTE;31,7;9,8;39,9;Alta;Mod;Bullish;Oscillating;Fresco (60);75;buy
ET;Energy;Oil & Gas Midstream;10/08/2026;10/08/2026;20,48;20,83;21,18;19,96;18/08/2026;21,18;0,0342;WIN;;;;;;;;;;Flat;-0,0092;0,041;-0,0004;0,0423;Neutral;73,77;Strong/Strong Buy;1;B:11% N:16% Bu:24% S:49%;0,82;81;1.5:1;Señal máxima;22,07;0,95;0,137;0,037;EXCELENTE;-4,3;5,1;79,5;Alta;Mod;Bullish;Damped;Temprano (75);85;buy
STLD;Basic Materials;Steel;10/08/2026;10/08/2026;266,01;274,65;283,29;253,05;17/08/2026;253,06;-0,0487;LOSS;;;;;;;;;;Saddle;0,0767;-0,4634;-0,0383;0,4756;Esperar;73,08;Strong/Strong Buy;1;B:11% N:16% Bu:24% S:48%;0,88;81;1.5:1;Señal máxima;289,54;0,95;0,151;0,147;EXCELENTE;5,9;7,9;78,8;Alta;Mod;Bullish;Unstable;Tardio (25);45;avoid
BWA;Consumer Cyclical;Auto Parts;10/08/2026;10/08/2026;68,53;71,02;73,51;64,8;20/08/2026;64,8;-0,0544;LOSS;;;;;;;;;;Local Min;0,0618;0,5966;0,0368;0,5999;Comprar;73,08;Strong/Strong Buy;1;B:11% N:16% Bu:24% S:48%;0,91;55;1.5:1;Señal activa;74,25;0,8825;0,128;0,089;REGULAR;-14,1;6,3;23,7;Alta;Bajo;Bullish;Damped;Fresco (65);95;buy
LVHI;ETF;Exchange Traded Fund;10/08/2026;10/08/2026;42,85;43,19;43,53;42,34;17/08/2026;42,34;-0,0119;LOSS;;;;;;;;;;Local Min;0,0046;0,4587;0,0011;0,4609;Comprar;73,77;Strong/Strong Buy;1;B:11% N:16% Bu:24% S:49%;0,59;25;1.5:1;Señal máxima;45,3;0,8175;0,107;0,034;DÉBIL;ETF;;;;;Bullish;Unstable;Temprano (75);45;avoid
DVYE;ETF;Exchange Traded Fund;10/08/2026;10/08/2026;34,28;34,61;34,94;33,79;20/08/2026;34,94;0,0193;WIN;;;;;;;;;;Local Min;0,0159;1,2359;0,0166;1,2385;Comprar;73,77;Strong/Strong Buy;1;B:11% N:16% Bu:24% S:49%;0,6;25;1.5:1;Señal máxima;36,14;0,7969;0,112;0,045;DÉBIL;ETF;;;;;Bullish;Unstable;Temprano (85);45;avoid
VYMI;ETF;Exchange Traded Fund;10/08/2026;11/08/2026;104,31;105,24;106,17;102,92;03/09/2026;106,17;0,0178;WIN;;;;;;;;;;Saddle;0,0085;-0,1261;-0,0015;0,13;Esperar;73,77;Strong/Strong Buy;1;B:11% N:16% Bu:24% S:49%;0,6;15;1.5:1;Señal máxima;110,34;0,7875;0,11;0,045;DÉBIL;ETF;;;;;Bullish;Unstable;Temprano (75);45;avoid
VXF;ETF;Exchange Traded Fund;10/08/2026;;245,38;248,96;252,54;240,01;19/08/2026;;;SIN FILL;;;;;;;;;;Flat;0,005;0,1124;0,0006;0,1126;Neutral;70,21;Strong/Strong Buy;1;B:14% N:18% Bu:25% S:42%;0,78;15;1.5:1;Señal máxima;259,65;0,7373;0,096;0,03;DÉBIL;ETF;;;;;Bullish;Damped;Temprano (90);85;buy
EWQ;ETF;Exchange Traded Fund;11/08/2026;12/08/2026;47,53;48,05;48,57;46,75;18/08/2026;46,75;-0,0164;LOSS;;;;;;;;;;Saddle;0,017;-0,0927;-0,0017;0,0957;Esperar;73,08;Strong/Strong Buy;1;B:11% N:16% Bu:24% S:48%;0,71;15;1.5:1;Señal máxima;50,19;0,7375;0,084;0,059;DÉBIL;ETF;;;;;Bullish;Unstable;Fresco (60);45;avoid
EC;Energy;Oil & Gas Integrated;11/08/2026;11/08/2026;16,82;17,45;18,08;15,88;19/08/2026;18,08;0,0749;WIN;;;;;;;;;;Saddle;0,0186;-0,5816;-0,0112;0,5826;Esperar;75,88;Strong/Strong Buy;1;B:9% N:14% Bu:24% S:53%;0,94;91;1.5:1;Señal máxima;18,32;0,95;0,202;0,053;EXCELENTE;-3;7,3;234,8;Alta;Mod;Bullish;Damped;Fresco (60);85;buy
BRK/B;Financial;Insurance - Diversified;11/08/2026;12/08/2026;513,84;522,3;530,76;501,15;17/08/2026;501,15;-0,0247;LOSS;;;;;;;;;;Flat;0,0117;0,0948;0,0007;0,0998;Neutral;79,31;Strong/Strong Buy;1;B:6% N:12% Bu:22% S:60%;0,94;81;1.5:1;Señal máxima;554,85;0,95;0,135;0,052;EXCELENTE;-6,3;6;107,5;Alta;Mod;Bullish;Oscillating;Temprano (75);65;buy
MOG/A;Industrials;Aerospace & Defense;11/08/2026;11/08/2026;411,52;429,71;447,9;384,23;17/08/2026;447,9;0,0884;WIN;;;;;;;;;;Saddle;0,0199;-0,571;-0,0144;0,5766;Esperar;75,88;Strong/Strong Buy;1;B:9% N:14% Bu:24% S:53%;0,94;76;1.5:1;Señal máxima;446,91;0,9334;0,152;0,065;BUENO;-4,1;7;159,9;Alta;Mod;Bullish;Unstable;Temprano (75);45;avoid
LVHI;ETF;Exchange Traded Fund;11/08/2026;14/08/2026;42,81;43,14;43,47;42,32;19/08/2026;42,32;-0,0114;LOSS;;;;;;;;;;Flat;0,0045;0,2439;0,0006;0,2461;Neutral;73,77;Strong/Strong Buy;1;B:11% N:16% Bu:24% S:49%;0,59;25;1.5:1;Señal máxima;45,26;0,8175;0,107;0,031;DÉBIL;ETF;;;;;Bullish;Unstable;Temprano (85);45;avoid
DON;ETF;Exchange Traded Fund;11/08/2026;11/08/2026;58,15;58,76;59,37;57,23;01/09/2026;57,23;-0,0158;LOSS;;;;;;;;;;Local Min;0,0072;0,3797;0,0026;0,3801;Comprar;70,21;Strong/Strong Buy;1;B:14% N:18% Bu:25% S:42%;0,78;15;1.5:1;Señal máxima;61,33;0,733;0,083;0,031;DÉBIL;ETF;;;;;Bullish;Oscillating;Temprano (85);65;buy
BRK/B;Financial;Insurance - Diversified;12/08/2026;13/08/2026;507,44;515,96;524,48;494,66;;498,46;-0,0177;PARCIAL TP1;;;;;;;;;;Flat;0,0146;0,0541;0,0005;0,0612;Neutral;76,6;Strong/Strong Buy;1;B:8% N:14% Bu:23% S:55%;0,91;81;1.5:1;Señal máxima;548,05;0,95;0,136;0,044;EXCELENTE;-6,3;6;107,5;Alta;Mod;Bullish;Oscillating;Temprano (95);65;buy
NDSN;Industrials;Specialty Industrial Machinery;12/08/2026;12/08/2026;309,47;315,45;321,43;300,5;20/08/2026;321,42;0,0386;WIN;;;;;;;;;;Saddle;0,0227;-0,8954;-0,0214;0,8968;Esperar;73,08;Strong/Strong Buy;1;B:11% N:16% Bu:24% S:48%;0,81;64;1.5:1;Señal activa;334,64;0,9345;0,111;0,082;REGULAR;-5,1;7,9;4,4;Aceptable;Mod;Bullish;Unstable;Maduro (50);45;avoid
KOF;Consumer Defensive;Beverages - Non-Alcoholic;12/08/2026;12/08/2026;109,1;111,67;114,24;105,24;24/08/2026;114,24;0,0471;WIN;;;;;;;;;;Saddle;0,0299;-0,2147;-0,0094;0,2299;Esperar;75,88;Strong/Strong Buy;1;B:9% N:14% Bu:24% S:53%;0,91;60;1.5:1;Señal máxima;118,26;0,9225;0,124;0,079;REGULAR;-11,9;7,7;16,9;Alta;Mod;Bullish;Unstable;Temprano (75);45;avoid
VIGI;ETF;Exchange Traded Fund;12/08/2026;17/08/2026;99,05;99,94;100,83;97,72;20/08/2026;97,72;-0,0134;LOSS;;;;;;;;;;Local Min;0,0057;0,2468;0,0014;0,247;Comprar;73,77;Strong/Strong Buy;1;B:11% N:16% Bu:24% S:49%;0,59;15;1.5:1;Señal máxima;104,46;0,7375;0,078;0,044;DÉBIL;ETF;;;;;Bullish;Unstable;Temprano (75);45;avoid
AVMV;ETF;Exchange Traded Fund;12/08/2026;12/08/2026;83,16;84,05;84,94;81,83;28/08/2026;81,83;-0,016;LOSS;;;;;;;;;;Local Min;0,0107;1,1845;0,012;1,1851;Comprar;73,77;Strong/Strong Buy;1;B:11% N:16% Bu:24% S:49%;0,6;15;1.5:1;Señal máxima;87,8;0,7375;0,084;0,036;DÉBIL;ETF;;;;;Bullish;Unstable;Temprano (75);45;avoid
EC;Energy;Oil & Gas Integrated;13/08/2026;13/08/2026;17,02;17,64;18,26;16,09;15/09/2026;18,26;0,0729;WIN;;;;;;;;;;Saddle;0,0137;-0,3564;-0,005;0,3571;Esperar;76,6;Strong/Strong Buy;1;B:8% N:14% Bu:23% S:55%;0,94;91;1.5:1;Señal máxima;18,54;0,95;0,198;0,077;EXCELENTE;-3,3;7,3;234,8;Alta;Mod;Bullish;Oscillating;Fresco (60);65;buy
CIEN;Technology;Communication Equipment;13/08/2026;13/08/2026;433,23;465,1;496,97;385,43;21/08/2026;385,44;-0,1103;LOSS;;;;;;;;;;Local Min;0,0602;0,3029;0,0159;0,3162;Comprar;75,88;Strong/Strong Buy;1;B:9% N:14% Bu:24% S:53%;0,93;65;1.5:1;Señal activa;474,25;0,9188;0,238;0,139;BUENO;-5,6;6,7;23,3;Alta;Mod;Bullish;Oscillating;Fresco (55);65;buy
DVYE;ETF;Exchange Traded Fund;13/08/2026;14/08/2026;33,89;34,21;34,53;33,41;19/08/2026;34,53;0,0189;WIN;;;;;;;;;;Local Min;0,013;1,7179;0,0197;1,7194;Comprar;73,08;Strong/Strong Buy;1;B:11% N:16% Bu:24% S:48%;0,78;25;1.5:1;Señal máxima;35,74;0,7988;0,112;0,033;DÉBIL;ETF;;;;;Bullish;Oscillating;Temprano (85);65;buy
DON;ETF;Exchange Traded Fund;13/08/2026;13/08/2026;58,52;59,11;59,7;57,64;31/08/2026;57,64;-0,015;LOSS;;;;;;;;;;Local Min;0,0073;0,1769;0,0013;0,1772;Comprar;73,77;Strong/Strong Buy;1;B:11% N:16% Bu:24% S:49%;0,78;15;1.5:1;Señal máxima;61,76;0,7375;0,081;0,04;DÉBIL;ETF;;;;;Bullish;Unstable;Temprano (90);45;avoid
AVUS;ETF;Exchange Traded Fund;13/08/2026;13/08/2026;131,97;133,24;134,51;130,06;20/08/2026;130,06;-0,0145;LOSS;;;;;;;;;;Local Min;0,0051;0,3715;0,0019;0,3716;Comprar;70,21;Strong/Strong Buy;1;B:14% N:18% Bu:25% S:42%;0,6;15;1.5:1;Señal máxima;139,23;0,7375;0,08;0,036;DÉBIL;ETF;;;;;Bullish;Unstable;Temprano (75);45;avoid
DIVI;ETF;Exchange Traded Fund;13/08/2026;18/08/2026;44,56;45,03;45,5;43,86;01/09/2026;43,86;-0,0157;LOSS;;;;;;;;;;Saddle;0,0115;-1,6553;-0,0236;1,6581;Esperar;70,21;Strong/Strong Buy;1;B:14% N:18% Bu:25% S:42%;0,6;15;1.5:1;Señal máxima;47,04;0,7375;0,083;0,043;DÉBIL;ETF;;;;;Bullish;Unstable;Temprano (75);45;avoid
EC;Energy;Oil & Gas Integrated;14/08/2026;25/08/2026;16,99;17,59;18,19;16,09;15/09/2026;18,19;0,0706;WIN;;;;;;;;;;Saddle;0,0092;-0,2894;-0,0029;0,2903;Esperar;79,31;Strong/Strong Buy;1;B:6% N:12% Bu:22% S:60%;0,94;91;1.5:1;Señal máxima;18,5;0,95;0,195;0,067;EXCELENTE;-3,4;7,3;234,8;Alta;Mod;Bullish;Unstable;Temprano (75);45;avoid
XOM;Energy;Oil & Gas Integrated;14/08/2026;;159,01;162,65;166,29;153,55;25/08/2026;;;SIN FILL;;;;;;;;;;Saddle;0,0092;-0,8179;-0,0078;0,8182;Esperar;73,08;Strong/Strong Buy;1;B:11% N:16% Bu:24% S:48%;0,94;71;1.5:1;Señal máxima;171,12;0,9186;0,122;0,087;BUENO;-6,7;5,5;105,1;Alta;Mod;Bullish;Oscillating;Fresco (65);65;buy
CVX;Energy;Oil & Gas Integrated;14/08/2026;14/08/2026;198,68;203,07;207,46;192,09;19/08/2026;207,46;0,0442;WIN;;;;;;;;;;Flat;0,0029;-0,1817;-0,0007;0,1826;Neutral;73,08;Strong/Strong Buy;1;B:11% N:16% Bu:24% S:48%;0,94;71;1.5:1;Señal máxima;214,72;0,9214;0,119;0,067;BUENO;-7,1;5,9;384,8;Alta;Mod;Bullish;Damped;Temprano (75);95;buy
OVV;Energy;Oil & Gas E&P;14/08/2026;;62,43;64,39;66,35;59,49;25/08/2026;;;SIN FILL;;;;;;;;;;Saddle;0,0038;-0,3917;-0,0019;0,3926;Esperar;79,31;Strong/Strong Buy;1;B:6% N:12% Bu:22% S:60%;0,94;66;1.5:1;Señal activa;67,74;0,9213;0,148;0,091;BUENO;-10,9;8,6;48,5;Alta;Bajo;Bullish;Oscillating;Fresco (65);65;buy
CIEN;Technology;Communication Equipment;14/08/2026;18/08/2026;419,37;450,72;482,07;372,35;24/08/2026;372,36;-0,1121;LOSS;;;;;;;;;;Local Min;0,0746;0,0435;0,0028;0,0908;Comprar;75,88;Strong/Strong Buy;1;B:9% N:14% Bu:24% S:53%;0,93;65;1.5:1;Señal activa;459,03;0,9144;0,242;0,145;BUENO;-3,5;6,7;23,3;Alta;Mod;Bullish;Unstable;Temprano (75);45;avoid
AVDV;ETF;Exchange Traded Fund;14/08/2026;18/08/2026;110,46;111,79;113,12;108,46;27/08/2026;113,12;0,0241;WIN;;;;;;;;;;Saddle;0,026;-0,2868;-0,0076;0,2884;Esperar;73,08;Strong/Strong Buy;1;B:11% N:16% Bu:24% S:48%;0,66;25;1.5:1;Señal máxima;117,08;0,8175;0,121;0,067;DÉBIL;ETF;;;;;Bullish;Unstable;Fresco (60);45;avoid
EC;Energy;Oil & Gas Integrated;17/08/2026;17/08/2026;17,49;18,09;18,69;16,59;26/08/2026;16,59;-0,0515;LOSS;;;;;;;;;;Local Min;0,0329;0,0786;0,0025;0,0868;Comprar;76,6;Strong/Strong Buy;1;B:8% N:14% Bu:23% S:55%;0,94;91;1.5:1;Señal máxima;19,04;0,95;0,191;0,102;EXCELENTE;-3,4;7,3;234,8;Alta;Mod;Bullish;Unstable;Maduro (40);45;avoid
XOM;Energy;Oil & Gas Integrated;17/08/2026;17/08/2026;160,37;164;167,63;154,93;19/08/2026;167,63;0,0453;WIN;;;;;;;;;;Flat;0,0027;-0,1039;-0,0003;0,1041;Neutral;73,08;Strong/Strong Buy;1;B:11% N:16% Bu:24% S:48%;0,88;71;1.5:1;Señal máxima;172,6;0,9199;0,121;0,088;BUENO;-6,7;5,5;105,1;Alta;Mod;Bullish;Unstable;Maduro (50);45;avoid
OVV;Energy;Oil & Gas E&P;17/08/2026;17/08/2026;63,28;65,18;67,08;60,43;20/08/2026;67,08;0,0601;WIN;;;;;;;;;;Flat;0,0017;0,0534;0,0001;0,0538;Neutral;76,6;Strong/Strong Buy;1;B:8% N:14% Bu:23% S:55%;0,94;66;1.5:1;Señal activa;68,94;0,9249;0,144;0,105;BUENO;-10,9;8,6;48,5;Alta;Bajo;Bullish;Unstable;Maduro (50);45;avoid
CIEN;Technology;Communication Equipment;17/08/2026;17/08/2026;435,79;467,08;498,37;388,86;21/08/2026;388,86;-0,1077;LOSS;;;;;;;;;;Local Min;0,0734;0,3726;0,0234;0,3899;Comprar;75,88;Strong/Strong Buy;1;B:9% N:14% Bu:24% S:53%;0,93;65;1.5:1;Señal activa;476,55;0,9183;0,233;0,175;BUENO;-4,7;6,7;23,3;Alta;Mod;Bullish;Damped;Maduro (40);95;buy
LVHI;ETF;Exchange Traded Fund;17/08/2026;17/08/2026;42,71;43;43,29;42,27;26/08/2026;43,29;0,0136;WIN;;;;;;;;;;Flat;0,0005;-0,1519;-0,0001;0,152;Neutral;73,77;Strong/Strong Buy;1;B:11% N:16% Bu:24% S:49%;0,77;25;1.5:1;Señal máxima;44,94;0,7955;0,104;0,028;DÉBIL;ETF;;;;;Bullish;Oscillating;Temprano (85);65;buy
VO;ETF;Exchange Traded Fund;17/08/2026;18/08/2026;83,84;84,59;85,34;82,72;20/08/2026;82,72;-0,0134;LOSS;;;;;;;;;;Saddle;0,0124;-2,1851;-0,0285;2,1858;Esperar;76,6;Strong/Strong Buy;1;B:8% N:14% Bu:23% S:55%;0,71;15;1.5:1;Señal máxima;88,41;0,7375;0,078;0,052;DÉBIL;ETF;;;;;Bullish;Unstable;Fresco (60);45;avoid
INTF;ETF;Exchange Traded Fund;17/08/2026;18/08/2026;43,11;43,5;43,89;42,52;10/09/2026;42,52;-0,0137;LOSS;;;;;;;;;;Saddle;0,0133;-0,7677;-0,0103;0,7679;Esperar;73,08;Strong/Strong Buy;1;B:11% N:16% Bu:24% S:48%;0,71;15;1.5:1;Señal máxima;45,47;0,7375;0,079;0,053;DÉBIL;ETF;;;;;Bullish;Unstable;Fresco (60);45;avoid
DFSI;ETF;Exchange Traded Fund;17/08/2026;18/08/2026;47,27;47,78;48,29;46,51;01/09/2026;46,51;-0,0161;LOSS;;;;;;;;;;Local Min;0,0128;0,7203;0,0055;0,7256;Comprar;73,77;Strong/Strong Buy;1;B:11% N:16% Bu:24% S:49%;0,6;15;1.5:1;Señal máxima;49,9;0,7375;0,084;0,05;DÉBIL;ETF;;;;;Bullish;Unstable;Temprano (75);45;avoid
VRTX;Healthcare;Biotechnology;18/08/2026;18/08/2026;523,52;539,08;554,64;500,18;21/08/2026;554,62;0,0594;WIN;;;;;;;;;;Saddle;0,0148;-0,4305;-0,0073;0,433;Esperar;76,6;Strong/Strong Buy;1;B:8% N:14% Bu:23% S:55%;0,94;73;1.5:1;Señal máxima;567,96;0,95;0,143;0,096;BUENO;31,6;11,9;6,5;Aceptable;Bajo;Bullish;Oscillating;Maduro (50);65;buy
XOM;Energy;Oil & Gas Integrated;18/08/2026;18/08/2026;164,47;168,12;171,77;159;26/08/2026;158,99;-0,0333;LOSS;;;;;;;;;;Flat;0,0006;-0,1919;-0,0001;0,1919;Neutral;68,81;Strong/Strong Buy;1;B:16% N:19% Bu:25% S:40%;0,88;71;1.5:1;Señal máxima;174,14;0,9352;0,119;0,098;BUENO;-6,7;5,5;105,1;Alta;Mod;Bullish;Unstable;Extendido (20);45;avoid
OVV;Energy;Oil & Gas E&P;18/08/2026;18/08/2026;64,46;66,34;68,22;61,64;21/09/2026;61,64;-0,0437;LOSS;;;;;;;;;;Flat;0,0029;0,1378;0,0003;0,1384;Neutral;76,6;Strong/Strong Buy;1;B:8% N:14% Bu:23% S:55%;0,94;66;1.5:1;Señal activa;70,23;0,928;0,141;0,095;BUENO;-10,9;8,6;48,5;Alta;Bajo;Bullish;Unstable;Maduro (50);45;avoid
AIR;Industrials;Aerospace & Defense;18/08/2026;18/08/2026;147,08;153,54;160;137,39;20/08/2026;137,39;-0,0659;LOSS;;;;;;;;;;Local Min;0,0199;0,1099;0,002;0,1135;Comprar;75,88;Strong/Strong Buy;1;B:9% N:14% Bu:24% S:53%;0,94;66;1.5:1;Señal activa;160,57;0,93;0,186;0,101;BUENO;-9,4;5,5;49,1;Alta;Mod;Bullish;Unstable;Maduro (50);45;avoid
LQDT;Consumer Cyclical;Internet Retail;18/08/2026;18/08/2026;42,8;44,32;45,84;40,52;01/09/2026;40,52;-0,0533;LOSS;;;;;;;;;;Local Min;0,0203;0,0852;0,0015;0,0905;Comprar;73,08;Strong/Strong Buy;1;B:11% N:16% Bu:24% S:48%;0,91;61;1.5:1;Señal activa;46,14;0,9255;0,126;0,114;REGULAR;-10,5;6,9;40,7;Alta;Mod;Bullish;Unstable;Maduro (40);45;avoid
AVDV;ETF;Exchange Traded Fund;18/08/2026;;109,36;110,61;111,86;107,48;27/08/2026;;;SIN FILL;;;;;;;;;;Saddle;0,0204;-0,8026;-0,0164;0,8029;Esperar;73,08;Strong/Strong Buy;1;B:11% N:16% Bu:24% S:48%;0,85;25;1.5:1;Señal máxima;115,85;0,8175;0,118;0,053;DÉBIL;ETF;;;;;Bullish;Unstable;Temprano (75);45;avoid
DFSV;ETF;Exchange Traded Fund;18/08/2026;20/08/2026;40,17;40,59;41,01;39,54;01/09/2026;39,54;-0,0157;LOSS;;;;;;;;;;Local Max;-0,007;-0,3523;0,0023;0,3528;Evitar;76,6;Strong/Strong Buy;1;B:8% N:14% Bu:23% S:55%;0,77;25;1.5:1;Señal máxima;42,49;0,8118;0,115;0,011;DÉBIL;ETF;;;;;Bullish;Oscillating;Temprano (85);65;buy
AVDE;ETF;Exchange Traded Fund;18/08/2026;;92,98;93,85;94,72;91,67;27/08/2026;;;SIN FILL;;;;;;;;;;Local Min;0,0122;0,4686;0,0052;0,4699;Comprar;73,08;Strong/Strong Buy;1;B:11% N:16% Bu:24% S:48%;0,78;15;1.5:1;Señal máxima;98,09;0,7375;0,08;0,038;DÉBIL;ETF;;;;;Bullish;Oscillating;Temprano (85);65;buy
EZA;ETF;Exchange Traded Fund;19/08/2026;19/08/2026;69,84;71,33;72,82;67,61;16/09/2026;67,61;-0,0319;LOSS;;;;;;;;;;Saddle;0,0465;-2,2793;-0,1064;2,28;Esperar;73,08;Strong/Strong Buy;1;B:11% N:16% Bu:24% S:48%;0,66;25;1.5:1;Señal máxima;74,44;0,8175;0,15;0,127;DÉBIL;ETF;;;;;Bullish;Unstable;Maduro (50);45;avoid
RWL;ETF;Exchange Traded Fund;19/08/2026;20/08/2026;134,37;135,43;136,49;132,78;10/09/2026;132,78;-0,0118;LOSS;;;;;;;;;;Flat;0,0017;0,4256;0,0007;0,4256;Neutral;73,77;Strong/Strong Buy;1;B:11% N:16% Bu:24% S:49%;0,78;15;1.5:1;Señal máxima;141,63;0,7375;0,075;0,034;DÉBIL;ETF;;;;;Bullish;Oscillating;Temprano (75);65;buy
RIO;Basic Materials;Other Industrial Metals & Mining;19/08/2026;19/08/2026;99,75;102,05;104,35;96,3;21/08/2026;104,35;0,0461;WIN;;;;;;;;;;Saddle;0,065;-0,1138;-0,0077;0,1334;Esperar;73,08;Strong/Strong Buy;1;B:11% N:16% Bu:24% S:48%;0,93;91;1.5:1;Señal máxima;108,44;0,95;0,156;0,139;EXCELENTE;7,6;8,1;47,2;Alta;Mod;Bullish;Unstable;Fresco (65);45;avoid
CVX;Energy;Oil & Gas Integrated;19/08/2026;19/08/2026;204,49;208,72;212,95;198,15;26/08/2026;198,15;-0,031;LOSS;;;;;;;;;;Flat;-0,0069;0,001;0;0,0073;Neutral;76,6;Strong/Strong Buy;1;B:8% N:14% Bu:23% S:55%;0,88;71;1.5:1;Señal máxima;220,91;0,9462;0,115;0,066;BUENO;-7,1;5,9;384,8;Alta;Mod;Bullish;Oscillating;Maduro (45);65;buy
DVYE;ETF;Exchange Traded Fund;19/08/2026;;34,59;34,94;35,29;34,07;28/08/2026;;;SIN FILL;;;;;;;;;;Saddle;0,0114;-1,0666;-0,0127;1,0672;Esperar;70,21;Strong/Strong Buy;1;B:14% N:18% Bu:25% S:42%;0,6;25;1.5:1;Señal máxima;36,42;0,7891;0,114;0,047;DÉBIL;ETF;;;;;Bullish;Unstable;Temprano (85);45;avoid
AVDV;ETF;Exchange Traded Fund;19/08/2026;19/08/2026;110,33;111,6;112,87;108,42;26/08/2026;112,87;0,023;WIN;;;;;;;;;;Saddle;0,0296;-0,556;-0,0165;0,5569;Esperar;73,08;Strong/Strong Buy;1;B:11% N:16% Bu:24% S:48%;0,71;25;1.5:1;Señal máxima;116,9;0,8175;0,119;0,08;DÉBIL;ETF;;;;;Bullish;Unstable;Fresco (60);45;avoid
IEFA;ETF;Exchange Traded Fund;19/08/2026;19/08/2026;100,17;101,13;102,09;98,73;10/09/2026;98,73;-0,0144;LOSS;;;;;;;;;;Flat;0,0044;0,0526;0,0002;0,0528;Neutral;73,08;Strong/Strong Buy;1;B:11% N:16% Bu:24% S:48%;0,78;15;1.5:1;Señal máxima;105,68;0,7375;0,08;0,035;DÉBIL;ETF;;;;;Bullish;Oscillating;Temprano (85);65;buy
VONV;ETF;Exchange Traded Fund;19/08/2026;19/08/2026;113,25;114,16;115,07;111,89;09/09/2026;111,89;-0,012;LOSS;;;;;;;;;;Flat;0,0045;-0,0597;-0,0003;0,06;Neutral;73,77;Strong/Strong Buy;1;B:11% N:16% Bu:24% S:49%;0,59;15;1.5:1;Señal máxima;119,37;0,7375;0,075;0,046;DÉBIL;ETF;;;;;Bullish;Unstable;Temprano (75);45;avoid
VOE;ETF;Exchange Traded Fund;19/08/2026;20/08/2026;208,41;210,27;212,13;205,62;01/09/2026;205,62;-0,0134;LOSS;;;;;;;;;;Flat;-0,0024;-0,0068;0;0,0072;Neutral;73,77;Strong/Strong Buy;1;B:11% N:16% Bu:24% S:49%;0,77;15;1.5:1;Señal máxima;219,79;0,7375;0,078;0,03;DÉBIL;ETF;;;;;Bullish;Unstable;Temprano (90);45;avoid
IWD;ETF;Exchange Traded Fund;19/08/2026;19/08/2026;258,14;260,25;262,36;254,97;09/09/2026;254,96;-0,0123;LOSS;;;;;;;;;;Saddle;0,0068;-1,2573;-0,0091;1,2578;Esperar;73,77;Strong/Strong Buy;1;B:11% N:16% Bu:24% S:49%;0,6;15;1.5:1;Señal máxima;272,12;0,7375;0,076;0,048;DÉBIL;ETF;;;;;Bullish;Unstable;Temprano (75);45;avoid
IDEV;ETF;Exchange Traded Fund;19/08/2026;20/08/2026;92,52;93,37;94,22;91,24;10/09/2026;91,24;-0,0138;LOSS;;;;;;;;;;Local Min;0,0115;0,3275;0,0038;0,3277;Comprar;70,21;Strong/Strong Buy;1;B:14% N:18% Bu:25% S:42%;0,78;15;1.5:1;Señal máxima;97,58;0,7375;0,079;0,043;DÉBIL;ETF;;;;;Bullish;Oscillating;Temprano (85);65;buy
INTF;ETF;Exchange Traded Fund;19/08/2026;19/08/2026;42,8;43,18;43,56;42,23;14/09/2026;42,23;-0,0133;LOSS;;;;;;;;;;Saddle;0,0114;-0,6735;-0,008;0,674;Esperar;73,77;Strong/Strong Buy;1;B:11% N:16% Bu:24% S:49%;0,78;15;1.5:1;Señal máxima;45,13;0,7375;0,078;0,046;DÉBIL;ETF;;;;;Bullish;Oscillating;Temprano (85);65;buy
DFSI;ETF;Exchange Traded Fund;19/08/2026;19/08/2026;47,03;47,54;48,05;46,27;10/09/2026;46,27;-0,0162;LOSS;;;;;;;;;;Local Min;0,0115;0,745;0,0067;0,7477;Comprar;73,77;Strong/Strong Buy;1;B:11% N:16% Bu:24% S:49%;0,77;15;1.5:1;Señal máxima;49,65;0,7375;0,084;0,045;DÉBIL;ETF;;;;;Bullish;Oscillating;Temprano (85);65;buy
ESGD;ETF;Exchange Traded Fund;19/08/2026;20/08/2026;106,24;107,25;108,26;104,72;10/09/2026;104,72;-0,0143;LOSS;;;;;;;;;;Local Min;0,0101;0,4568;0,0046;0,457;Comprar;73,08;Strong/Strong Buy;1;B:11% N:16% Bu:24% S:48%;0,78;15;1.5:1;Señal máxima;112,08;0,7375;0,08;0,04;DÉBIL;ETF;;;;;Bullish;Oscillating;Temprano (85);65;buy
FMDE;ETF;Exchange Traded Fund;19/08/2026;20/08/2026;42,33;42,74;43,15;41,71;01/09/2026;41,71;-0,0146;LOSS;;;;;;;;;;Local Min;0,0082;0,5273;0,0043;0,5274;Comprar;76,6;Strong/Strong Buy;1;B:8% N:14% Bu:23% S:55%;0,85;15;1.5:1;Señal máxima;44,66;0,7375;0,08;0,05;DÉBIL;ETF;;;;;Bullish;Oscillating;Temprano (75);65;buy
VTV;ETF;Exchange Traded Fund;19/08/2026;20/08/2026;226,42;228,17;229,92;223,79;01/09/2026;223,79;-0,0116;LOSS;;;;;;;;;;Local Min;0,0081;0,4504;0,0036;0,4506;Comprar;70,21;Strong/Strong Buy;1;B:14% N:18% Bu:25% S:42%;0,6;15;1.5:1;Señal máxima;238,62;0,7375;0,074;0,038;DÉBIL;ETF;;;;;Bullish;Unstable;Temprano (75);45;avoid
FEOE;ETF;Exchange Traded Fund;19/08/2026;;55,9;56,53;57,16;54,95;28/08/2026;;;SIN FILL;;;;;;;;;;Local Min;0,01;1,4397;0,014;1,4401;Comprar;72,51;Bullish/Strong Buy;0,897;B:8% N:14% Bu:23% S:55%;0,78;15;1.5:1;Acumulación;58,49;0,6875;0,032;0,045;DÉBIL;ETF;;;;;Bullish;Unstable;Temprano (100);45;avoid
FEOE;ETF;Exchange Traded Fund;20/08/2026;20/08/2026;56,01;56,63;57,25;55,08;21/08/2026;57,25;0,0221;WIN;;;;;;;;;;Local Min;0,0127;1,6438;0,018;1,6455;Comprar;73,77;Strong/Strong Buy;1;B:11% N:16% Bu:24% S:49%;0,78;15;1.5:1;Señal máxima;59,14;0,7375;0,083;0,048;DÉBIL;ETF;;;;;Bullish;Unstable;Temprano (100);45;avoid
FEGE;ETF;Exchange Traded Fund;20/08/2026;20/08/2026;52,54;53,06;53,58;51,76;10/09/2026;51,76;-0,0148;LOSS;;;;;;;;;;Local Min;0,0139;0,1916;0,0026;0,1922;Comprar;76,6;Strong/Strong Buy;1;B:8% N:14% Bu:23% S:55%;0,71;15;1.5:1;Señal máxima;55,44;0,7375;0,08;0,064;DÉBIL;ETF;;;;;Bullish;Unstable;Fresco (60);45;avoid
PBR;Energy;Oil & Gas Integrated;20/08/2026;20/08/2026;18,85;19,37;19,89;18,07;25/08/2026;18,07;-0,0414;LOSS;;;;;;;;;;Saddle;-0,0356;0,3342;-0,0134;0,3407;Esperar;73,08;Strong/Strong Buy;1;B:11% N:16% Bu:24% S:48%;0,89;100;1.5:1;Señal máxima;20,44;0,95;0,169;0,001;EXCELENTE;11;10,1;96,8;Alta;Mod;Bullish;Unstable;Temprano (90);45;avoid
CF;Basic Materials;Agricultural Inputs;20/08/2026;20/08/2026;124,22;129,16;134,1;116,81;01/09/2026;134,1;0,0795;WIN;;;;;;;;;;Saddle;-0,0346;0,0471;-0,0016;0,0587;Esperar;70,21;Strong/Strong Buy;1;B:14% N:18% Bu:25% S:42%;0,89;100;1.5:1;Señal máxima;135,77;0,95;0,209;0,028;EXCELENTE;17,9;12,9;88,3;Alta;Mod;Bullish;Unstable;Temprano (90);45;avoid
VIST;Energy;Oil & Gas E&P;20/08/2026;21/08/2026;69,57;72,66;75,75;64,93;02/09/2026;75,75;0,0888;WIN;;;;;;;;;;Local Min;0,0175;0,1526;0,0026;0,1544;Comprar;73,77;Strong/Strong Buy;1;B:11% N:16% Bu:24% S:49%;0,93;96;1.5:1;Señal máxima;76,05;0,95;0,224;0,052;EXCELENTE;10,5;10;36,7;Alta;Mod;Bullish;Damped;Temprano (75);85;buy
RIO;Basic Materials;Other Industrial Metals & Mining;20/08/2026;20/08/2026;101,45;103,85;106,25;97,85;25/08/2026;106,25;0,0473;WIN;;;;;;;;;;Saddle;0,069;-0,161;-0,0119;0,1797;Esperar;73,08;Strong/Strong Buy;1;B:11% N:16% Bu:24% S:48%;0,94;91;1.5:1;Señal máxima;110,32;0,95;0,158;0,172;EXCELENTE;7,3;8,1;47,2;Alta;Mod;Bullish;Unstable;Maduro (40);55;hold
PBYI;Healthcare;Biotechnology;20/08/2026;24/08/2026;8,99;9,4;9,81;8,38;22/09/2026;9,81;0,0912;WIN;;;;;;;;;;Saddle;0,0301;-0,8753;-0,0263;0,8758;Esperar;76,6;Strong/Strong Buy;1;B:8% N:14% Bu:23% S:55%;0,94;86;1.5:1;Señal máxima;9,84;0,95;0,193;0,158;EXCELENTE;30,2;9,8;39,9;Alta;Mod;Bullish;Unstable;Tardio (25);45;avoid
BP;Energy;Oil & Gas Integrated;20/08/2026;20/08/2026;44,83;45,85;46,87;43,3;25/08/2026;43,3;-0,0341;LOSS;;;;;;;;;;Saddle;-0,0269;0,0573;-0,0016;0,0644;Esperar;70,21;Strong/Strong Buy;1;B:14% N:18% Bu:25% S:42%;0,78;66;1.5:1;Señal activa;48,51;0,9111;0,121;0,04;BUENO;-10,4;5;140,1;Alta;Bajo;Bullish;Oscillating;Temprano (75);75;buy
HAL;Energy;Oil & Gas Equipment & Services;20/08/2026;20/08/2026;35,4;36,38;37,36;33,93;25/08/2026;33,93;-0,0415;LOSS;;;;;;;;;;Saddle;0,0311;-0,2307;-0,0097;0,2434;Esperar;73,08;Strong/Strong Buy;1;B:11% N:16% Bu:24% S:48%;0,94;65;1.5:1;Señal activa;38,37;0,9252;0,136;0,091;BUENO;-4,4;7,3;13,1;Alta;Mod;Bullish;Damped;Fresco (65);95;buy
VONV;ETF;Exchange Traded Fund;20/08/2026;;112,06;113,01;113,96;110,64;31/08/2026;;;SIN FILL;;;;;;;;;;Saddle;0,0042;-0,2732;-0,0012;0,2735;Esperar;76,6;Strong/Strong Buy;1;B:8% N:14% Bu:23% S:55%;0,78;15;1.5:1;Señal máxima;118,15;0,7375;0,077;0,037;DÉBIL;ETF;;;;;Bullish;Oscillating;Temprano (75);65;buy
ESGD;ETF;Exchange Traded Fund;20/08/2026;;105,97;106,95;107,93;104,5;31/08/2026;;;SIN FILL;;;;;;;;;;Local Min;0,0145;0,673;0,0093;0,6738;Comprar;73,08;Strong/Strong Buy;1;B:11% N:16% Bu:24% S:48%;0,78;15;1.5:1;Señal máxima;111,77;0,7375;0,079;0,045;DÉBIL;ETF;;;;;Bullish;Oscillating;Temprano (85);65;buy
FEOE;ETF;Exchange Traded Fund;21/08/2026;24/08/2026;56,48;57,15;57,82;55,47;09/09/2026;55,47;-0,0179;LOSS;;;;;;;;;;Local Min;0,0098;1,9214;0,0159;1,923;Comprar;73,08;Strong/Strong Buy;1;B:11% N:16% Bu:24% S:48%;0,85;15;1.5:1;Señal máxima;59,67;0,7375;0,087;0,053;DÉBIL;ETF;;;;;Bullish;Unstable;Temprano (75);45;avoid
PBR;Energy;Oil & Gas Integrated;21/08/2026;24/08/2026;19;19,5;20;18,25;25/08/2026;18,25;-0,0395;LOSS;;;;;;;;;;Saddle;-0,0267;0,1382;-0,004;0,143;Esperar;70,21;Strong/Strong Buy;1;B:14% N:18% Bu:25% S:42%;0,89;100;1.5:1;Señal máxima;20,57;0,95;0,166;0,02;EXCELENTE;11;10,1;96,8;Alta;Mod;Bullish;Unstable;Temprano (90);45;avoid
BVN;Basic Materials;Other Precious Metals & Mining;21/08/2026;21/08/2026;35,03;36,5;37,97;32,83;14/09/2026;32,83;-0,0628;LOSS;;;;;;;;;;Local Min;0,0331;0,4094;0,0112;0,4164;Comprar;73,08;Strong/Strong Buy;1;B:11% N:16% Bu:24% S:48%;0,93;100;1.5:1;Señal máxima;38,51;0,95;0,216;0,148;EXCELENTE;15,8;10,8;160;Alta;Mod;Bullish;Unstable;Maduro (40);45;avoid
HRMY;Healthcare;Biotechnology;21/08/2026;24/08/2026;37,74;39,09;40,44;35,72;26/08/2026;40,44;0,0715;WIN;;;;;;;;;;Saddle;0,0096;-0,5238;-0,006;0,5257;Esperar;79,31;Strong/Strong Buy;1;B:6% N:12% Bu:22% S:60%;0,94;100;1.5:1;Señal máxima;40,97;0,95;0,196;0,08;EXCELENTE;28,7;11,6;89,6;Alta;Bajo;Bullish;Unstable;Temprano (75);45;avoid
CF;Basic Materials;Agricultural Inputs;21/08/2026;21/08/2026;128,11;133,06;138,01;120,69;02/09/2026;138,01;0,0773;WIN;;;;;;;;;;Saddle;-0,0311;0,2693;-0,0085;0,2715;Esperar;70,21;Strong/Strong Buy;1;B:14% N:18% Bu:25% S:42%;0,89;100;1.5:1;Señal máxima;140,1;0,95;0,205;0,042;EXCELENTE;17,9;12,9;88,3;Alta;Mod;Bullish;Unstable;Temprano (75);55;hold
FCFS;Financial;Credit Services;21/08/2026;21/08/2026;222,75;231,2;239,65;210,07;21/08/2026;210,08;-0,0569;LOSS;;;;;;;;;;Saddle;0,0646;-0,5315;-0,0474;0,5592;Esperar;73,08;Strong/Strong Buy;1;B:11% N:16% Bu:24% S:48%;0,94;76;1.5:1;Señal máxima;243,48;0,95;0,168;0,157;BUENO;-0,7;8,3;56,3;Alta;Mod;Bullish;Unstable;Maduro (40);45;avoid
KOF;Consumer Defensive;Beverages - Non-Alcoholic;21/08/2026;31/08/2026;111,46;113,88;116,3;107,83;29/09/2026;107,83;-0,0326;LOSS;;;;;;;;;;Flat;0,0277;0,0565;0,0009;0,0728;Neutral;73,08;Strong/Strong Buy;1;B:11% N:16% Bu:24% S:48%;0,91;60;1.5:1;Señal máxima;120,34;0,9066;0,118;0,092;REGULAR;-12,1;7,7;16,9;Alta;Mod;Bullish;Unstable;Fresco (65);45;avoid
VYMI;ETF;Exchange Traded Fund;21/08/2026;24/08/2026;105,01;105,81;106,61;103,81;03/09/2026;106,61;0,0152;WIN;;;;;;;;;;Flat;-0,0002;0,0438;0;0,0438;Neutral;73,77;Strong/Strong Buy;1;B:11% N:16% Bu:24% S:49%;0,6;25;1.5:1;Señal máxima;111,06;0,7981;0,106;0,035;DÉBIL;ETF;;;;;Bullish;Unstable;Temprano (75);45;avoid
DFAI;ETF;Exchange Traded Fund;21/08/2026;24/08/2026;43,24;43,62;44;42,67;01/09/2026;42,67;-0,0132;LOSS;;;;;;;;;;Local Min;0,0093;0,3122;0,0029;0,3125;Comprar;70,21;Strong/Strong Buy;1;B:14% N:18% Bu:25% S:42%;0,78;15;1.5:1;Señal máxima;45,6;0,7375;0,078;0,047;DÉBIL;ETF;;;;;Bullish;Oscillating;Temprano (85);65;buy
VONV;ETF;Exchange Traded Fund;21/08/2026;31/08/2026;112,54;113,46;114,38;111,16;10/09/2026;111,16;-0,0123;LOSS;;;;;;;;;;Flat;0,0052;0,0846;0,0004;0,0857;Neutral;73,77;Strong/Strong Buy;1;B:11% N:16% Bu:24% S:49%;0,78;15;1.5:1;Señal máxima;118,64;0,7375;0,076;0,036;DÉBIL;ETF;;;;;Bullish;Oscillating;Temprano (75);65;buy
INTF;ETF;Exchange Traded Fund;21/08/2026;24/08/2026;43,03;43,41;43,79;42,46;10/09/2026;42,46;-0,0132;LOSS;;;;;;;;;;Saddle;0,0087;-0,5247;-0,0046;0,5249;Esperar;70,21;Strong/Strong Buy;1;B:14% N:18% Bu:25% S:42%;0,78;15;1.5:1;Señal máxima;45,37;0,7375;0,078;0,047;DÉBIL;ETF;;;;;Bullish;Oscillating;Temprano (75);65;buy
AVDE;ETF;Exchange Traded Fund;21/08/2026;24/08/2026;94;94,86;95,72;92,71;01/09/2026;92,71;-0,0137;LOSS;;;;;;;;;;Local Min;0,0102;0,6578;0,0067;0,6579;Comprar;70,21;Strong/Strong Buy;1;B:14% N:18% Bu:25% S:42%;0,78;15;1.5:1;Señal máxima;99,15;0,7375;0,079;0,05;DÉBIL;ETF;;;;;Bullish;Oscillating;Temprano (75);65;buy
DFAW;ETF;Exchange Traded Fund;21/08/2026;24/08/2026;85,09;85,88;86,67;83,91;10/09/2026;83,91;-0,0139;LOSS;;;;;;;;;;Local Min;0,0086;0,4303;0,0026;0,4329;Comprar;76,6;Strong/Strong Buy;1;B:8% N:14% Bu:23% S:55%;0,77;15;1.5:1;Señal máxima;89,76;0,7375;0,079;0,037;DÉBIL;ETF;;;;;Bullish;Oscillating;Temprano (85);65;buy
DFIC;ETF;Exchange Traded Fund;21/08/2026;24/08/2026;39,3;39,64;39,98;38,79;01/09/2026;38,79;-0,013;LOSS;;;;;;;;;;Saddle;0,0104;-0,1146;-0,0012;0,115;Esperar;73,08;Strong/Strong Buy;1;B:11% N:16% Bu:24% S:48%;0,71;15;1.5:1;Señal máxima;41,44;0,7375;0,077;0,051;DÉBIL;ETF;;;;;Bullish;Unstable;Fresco (60);45;avoid
BVN;Basic Materials;Other Precious Metals & Mining;24/08/2026;25/08/2026;34,76;36,24;37,72;32,54;14/09/2026;32,54;-0,0639;LOSS;;;;;;;;;;Local Min;0,0159;0,7556;0,0087;0,7602;Comprar;73,08;Strong/Strong Buy;1;B:11% N:16% Bu:24% S:48%;0,94;100;1.5:1;Señal máxima;38,11;0,95;0,218;0,11;EXCELENTE;15,8;10,8;160;Alta;Mod;Bullish;Unstable;Fresco (55);45;avoid
HRMY;Healthcare;Biotechnology;24/08/2026;24/08/2026;38,09;39,44;40,79;36,07;01/09/2026;40,79;0,0709;WIN;;;;;;;;;;Flat;0,0119;0,0977;0,001;0,1005;Neutral;79,31;Strong/Strong Buy;1;B:6% N:12% Bu:22% S:60%;0,94;100;1.5:1;Señal máxima;41,38;0,95;0,196;0,069;EXCELENTE;27,3;11,6;89,6;Alta;Bajo;Bullish;Unstable;Temprano (75);45;avoid
FCFS;Financial;Credit Services;24/08/2026;24/08/2026;233,75;242,67;251,59;220,37;26/08/2026;220,38;-0,0572;LOSS;;;;;;;;;;Local Min;0,0416;0,1481;0,0036;0,1694;Comprar;73,08;Strong/Strong Buy;1;B:11% N:16% Bu:24% S:48%;0,88;76;1.5:1;Señal máxima;255,56;0,95;0,169;0,146;BUENO;-0,7;8,3;56,3;Alta;Mod;Bullish;Oscillating;Tardio (25);75;buy
IWD;ETF;Exchange Traded Fund;24/08/2026;24/08/2026;257,71;259,75;261,79;254,65;09/09/2026;254,64;-0,0119;LOSS;;;;;;;;;;Flat;0,0014;-0,453;-0,0006;0,453;Neutral;73,77;Strong/Strong Buy;1;B:11% N:16% Bu:24% S:49%;0,78;15;1.5:1;Señal máxima;271,4;0,7331;0,075;0,034;DÉBIL;ETF;;;;;Bullish;Unstable;Temprano (90);45;avoid
EWG;ETF;Exchange Traded Fund;25/08/2026;26/08/2026;44,33;44,73;45,13;43,73;01/09/2026;43,73;-0,0135;LOSS;;;;;;;;;;Local Min;0,0085;2,5681;0,0217;2,5682;Comprar;76,6;Strong/Strong Buy;1;B:8% N:14% Bu:23% S:55%;0,71;15;1.5:1;Señal máxima;46,67;0,7282;0,078;0,06;DÉBIL;ETF;;;;;Bullish;Unstable;Fresco (60);45;avoid
HRMY;Healthcare;Biotechnology;25/08/2026;25/08/2026;38,55;39,87;41,19;36,57;01/09/2026;41,19;0,0685;WIN;;;;;;;;;;Saddle;0,0172;-0,3018;-0,0062;0,3056;Esperar;79,31;Strong/Strong Buy;1;B:6% N:12% Bu:22% S:60%;0,94;100;1.5:1;Señal máxima;41,95;0,95;0,192;0,089;EXCELENTE;27,3;11,6;89,6;Alta;Bajo;Bullish;Unstable;Fresco (65);45;avoid
SQM;Basic Materials;Specialty Chemicals;25/08/2026;26/08/2026;78,36;81,19;84,02;74,11;10/09/2026;74,11;-0,0542;LOSS;;;;;;;;;;Saddle;0,0525;-0,3957;-0,0224;0,4031;Esperar;73,08;Strong/Strong Buy;1;B:11% N:16% Bu:24% S:48%;0,94;90;1.5:1;Señal máxima;85,33;0,95;0,162;0,184;EXCELENTE;9,8;11,6;646,4;Alta;Bajo;Bullish;Unstable;Maduro (40);45;avoid
FCFS;Financial;Credit Services;25/08/2026;26/08/2026;226,79;235,85;244,91;213,2;31/08/2026;213,21;-0,0599;LOSS;;;;;;;;;;Saddle;0,0376;-0,0215;-0,0012;0,0524;Esperar;73,08;Strong/Strong Buy;1;B:11% N:16% Bu:24% S:48%;0,94;76;1.5:1;Señal máxima;247,5;0,95;0,174;0,112;BUENO;-0,7;8,3;56,3;Alta;Mod;Bullish;Oscillating;Fresco (55);65;buy
FNDE;ETF;Exchange Traded Fund;25/08/2026;25/08/2026;41,83;42,22;42,61;41,24;01/09/2026;42,61;0,0186;WIN;;;;;;;;;;Local Min;0,0044;0,3814;0,0017;0,3814;Comprar;68,11;Strong/Strong Buy;1;B:17% N:20% Bu:25% S:39%;0,73;25;1.5:1;Señal máxima;44,05;0,7919;0,112;0,039;DÉBIL;ETF;;;;;Bullish;Oscillating;Temprano (100);65;buy
VYMI;ETF;Exchange Traded Fund;25/08/2026;25/08/2026;105,68;106,44;107,2;104,54;03/09/2026;107,2;0,0144;WIN;;;;;;;;;;Flat;-0,0022;-0,0463;0,0001;0,0467;Neutral;73,77;Strong/Strong Buy;1;B:11% N:16% Bu:24% S:49%;0,6;25;1.5:1;Señal máxima;111,65;0,7936;0,105;0,034;DÉBIL;ETF;;;;;Bullish;Oscillating;Temprano (75);65;buy
IQLT;ETF;Exchange Traded Fund;25/08/2026;25/08/2026;52,21;52,64;53,07;51,56;31/08/2026;51,56;-0,0124;LOSS;;;;;;;;;;Local Min;0,0111;0,4176;0,0042;0,4189;Comprar;76,6;Strong/Strong Buy;1;B:8% N:14% Bu:23% S:55%;0,71;15;1.5:1;Señal máxima;55,04;0,7375;0,076;0,053;DÉBIL;ETF;;;;;Bullish;Unstable;Fresco (60);45;avoid
DFAI;ETF;Exchange Traded Fund;25/08/2026;25/08/2026;43,44;43,8;44,16;42,9;01/09/2026;42,9;-0,0124;LOSS;;;;;;;;;;Flat;0,009;-0,04;-0,0004;0,0412;Neutral;70,21;Strong/Strong Buy;1;B:14% N:18% Bu:25% S:42%;0,78;15;1.5:1;Señal máxima;45,8;0,7375;0,076;0,048;DÉBIL;ETF;;;;;Bullish;Unstable;Temprano (90);45;avoid
ESGD;ETF;Exchange Traded Fund;25/08/2026;25/08/2026;107,45;108,39;109,33;106,04;01/09/2026;106,04;-0,0131;LOSS;;;;;;;;;;Local Min;0,01;0,8025;0,0077;0,8031;Comprar;70,21;Strong/Strong Buy;1;B:14% N:18% Bu:25% S:42%;0,78;15;1.5:1;Señal máxima;113,31;0,7375;0,078;0,046;DÉBIL;ETF;;;;;Bullish;Unstable;Temprano (90);45;avoid
VGK;ETF;Exchange Traded Fund;25/08/2026;25/08/2026;92,97;93,7;94,43;91,88;28/08/2026;91,88;-0,0117;LOSS;;;;;;;;;;Local Min;0,0075;0,8712;0,0064;0,8714;Comprar;70,21;Strong/Strong Buy;1;B:14% N:18% Bu:25% S:42%;0,6;15;1.5:1;Señal máxima;97,83;0,7288;0,075;0,044;DÉBIL;ETF;;;;;Bullish;Unstable;Temprano (75);45;avoid
BVN;Basic Materials;Other Precious Metals & Mining;26/08/2026;26/08/2026;35,73;37,22;38,71;33,49;01/09/2026;33,49;-0,0627;LOSS;;;;;;;;;;Local Min;0,0377;0,9608;0,0265;0,9716;Comprar;73,08;Strong/Strong Buy;1;B:11% N:16% Bu:24% S:48%;0,88;100;1.5:1;Señal máxima;39,27;0,95;0,215;0,197;EXCELENTE;15,8;10,8;160;Alta;Mod;Bullish;Unstable;Extendido (10);55;hold
HRMY;Healthcare;Biotechnology;26/08/2026;26/08/2026;39,26;40,6;41,94;37,25;02/09/2026;41,94;0,0683;WIN;;;;;;;;;;Local Min;0,0281;0,2911;0,0065;0,2983;Comprar;76,6;Strong/Strong Buy;1;B:8% N:14% Bu:23% S:55%;0,94;100;1.5:1;Señal máxima;42,97;0,95;0,191;0,106;EXCELENTE;27,3;11,6;89,6;Alta;Bajo;Bullish;Oscillating;Maduro (50);65;buy
FHI;Financial;Asset Management;26/08/2026;26/08/2026;64,63;66,16;67,69;62,33;01/09/2026;62,33;-0,0356;LOSS;;;;;;;;;;Flat;0,0005;0,044;0;0,0441;Neutral;76,6;Strong/Strong Buy;1;B:8% N:14% Bu:23% S:55%;0,88;94;1.5:1;Señal máxima;70,16;0,95;0,158;0,09;EXCELENTE;12,9;14,8;14,6;Alta;Mod;Bullish;Unstable;Maduro (50);45;avoid
KOF;Consumer Defensive;Beverages - Non-Alcoholic;26/08/2026;27/08/2026;114,04;116,6;119,16;110,2;08/09/2026;110,2;-0,0337;LOSS;;;;;;;;;;Saddle;0,0127;-0,3482;-0,0044;0,3485;Esperar;76,6;Strong/Strong Buy;1;B:8% N:14% Bu:23% S:55%;0,91;60;1.5:1;Señal máxima;123,54;0,9225;0,12;0,073;REGULAR;-12,1;7,7;16,9;Alta;Mod;Bullish;Unstable;Temprano (75);45;avoid
DFAW;ETF;Exchange Traded Fund;26/08/2026;26/08/2026;85,17;85,9;86,63;84,08;10/09/2026;84,08;-0,0128;LOSS;;;;;;;;;;Saddle;0,0153;-0,8579;-0,0162;0,8616;Esperar;76,6;Strong/Strong Buy;1;B:8% N:14% Bu:23% S:55%;0,78;15;1.5:1;Señal máxima;89,68;0,7303;0,077;0,047;DÉBIL;ETF;;;;;Bullish;Unstable;Temprano (100);45;avoid
ANET;Technology;Computer Hardware;27/08/2026;28/08/2026;198,4;207,37;216,34;184,94;02/09/2026;184,95;-0,0678;LOSS;;;;;;;;;;Local Min;0,0322;0,223;0,0041;0,2384;Comprar;75,88;Strong/Strong Buy;1;B:9% N:14% Bu:24% S:53%;0,94;80;1.5:1;Señal máxima;213,36;0,95;0,155;0,176;EXCELENTE;11,1;14,1;36,5;Alta;Mod;Bullish;Oscillating;Tardio (25);75;buy
BVN;Basic Materials;Other Precious Metals & Mining;27/08/2026;27/08/2026;35,85;37,34;38,83;33,62;01/09/2026;33,62;-0,0622;LOSS;;;;;;;;;;Local Min;0,0106;0,7092;0,006;0,7115;Comprar;73,08;Strong/Strong Buy;1;B:11% N:16% Bu:24% S:48%;0,88;100;1.5:1;Señal máxima;39,39;0,95;0,215;0,139;EXCELENTE;15,8;10,8;160;Alta;Mod;Bullish;Unstable;Tardio (25);55;hold
HRMY;Healthcare;Biotechnology;27/08/2026;27/08/2026;39,48;40,79;42,1;37,51;02/09/2026;42,1;0,0664;WIN;;;;;;;;;;Flat;0,0266;-0,0196;-0,0006;0,0363;Neutral;76,6;Strong/Strong Buy;1;B:8% N:14% Bu:23% S:55%;0,94;100;1.5:1;Señal máxima;42,95;0,95;0,188;0,112;EXCELENTE;27,3;11,6;89,6;Alta;Bajo;Bullish;Unstable;Maduro (40);45;avoid
FHI;Financial;Asset Management;27/08/2026;31/08/2026;64,41;65,9;67,39;62,17;01/09/2026;62,17;-0,0348;LOSS;;;;;;;;;;Flat;0,0051;-0,0337;-0,0002;0,0347;Neutral;76,6;Strong/Strong Buy;1;B:8% N:14% Bu:23% S:55%;0,94;94;1.5:1;Señal máxima;69,69;0,95;0,156;0,097;EXCELENTE;13;14,8;14,6;Alta;Mod;Bullish;Unstable;Fresco (65);45;avoid
SHEL;Energy;Oil & Gas Integrated;27/08/2026;27/08/2026;90,27;91,69;93,11;88,14;01/09/2026;93,11;0,0315;WIN;;;;;;;;;;Local Max;-0,0395;-0,2448;0,0076;0,2564;Evitar;76,6;Strong/Strong Buy;1;B:8% N:14% Bu:23% S:55%;0,91;81;1.5:1;Señal máxima;96,79;0,95;0,132;0,011;EXCELENTE;-5;6,4;200,5;Alta;Mod;Bullish;Oscillating;Temprano (85);65;buy
TOST;Technology;Software - Infrastructure;27/08/2026;28/08/2026;34,8;36,05;37,3;32,92;02/09/2026;32,92;-0,054;LOSS;;;;;;;;;;Saddle;-0,0169;0,2839;-0,0048;0,2845;Esperar;79,31;Strong/Strong Buy;1;B:6% N:12% Bu:22% S:60%;0,94;76;1.5:1;Señal máxima;37,38;0,9435;0,127;0,071;BUENO;4,8;9,2;92,5;Alta;Mod;Bullish;Oscillating;Fresco (60);65;buy
VYMI;ETF;Exchange Traded Fund;27/08/2026;27/08/2026;104,86;105,61;106,36;103,73;03/09/2026;106,36;0,0143;WIN;;;;;;;;;;Saddle;-0,0133;0,1202;-0,0016;0,1211;Esperar;73,77;Strong/Strong Buy;1;B:11% N:16% Bu:24% S:49%;0,78;25;1.5:1;Señal máxima;110,05;0,7816;0,105;0,009;DÉBIL;ETF;;;;;Bullish;Damped;Temprano (100);85;buy
FEGE;ETF;Exchange Traded Fund;28/08/2026;31/08/2026;53,14;53,6;54,06;52,45;09/09/2026;52,45;-0,013;LOSS;;;;;;;;;;Local Min;0,0063;0,313;0,002;0,3131;Comprar;73,77;Strong/Strong Buy;1;B:11% N:16% Bu:24% S:49%;0,6;15;1.5:1;Señal máxima;55,97;0,7316;0,077;0,047;DÉBIL;ETF;;;;;Bullish;Unstable;Temprano (75);45;avoid
BVN;Basic Materials;Other Precious Metals & Mining;28/08/2026;31/08/2026;34,66;36,2;37,74;32,35;16/09/2026;32,35;-0,0666;LOSS;;;;;;;;;;Local Min;0,0318;0,8202;0,0218;0,8259;Comprar;75,88;Strong/Strong Buy;1;B:9% N:14% Bu:24% S:53%;0,94;100;1.5:1;Señal máxima;37,91;0,95;0,224;0,16;EXCELENTE;15,8;10,8;160;Alta;Mod;Bullish;Oscillating;Maduro (50);65;buy
SCCO;Basic Materials;Copper;28/08/2026;31/08/2026;207,2;215,87;224,54;194,19;10/09/2026;194,19;-0,0628;LOSS;;;;;;;;;;Flat;0,0088;0,105;0,0007;0,108;Neutral;75,88;Strong/Strong Buy;1;B:9% N:14% Bu:24% S:53%;0,93;85;1.5:1;Señal máxima;226,37;0,95;0,18;0,134;EXCELENTE;37,9;25,7;71,6;Alta;Bajo;Bullish;Oscillating;Maduro (50);65;buy
A;Healthcare;Diagnostics & Research;28/08/2026;31/08/2026;152,51;156,93;161,35;145,88;09/09/2026;145,88;-0,0435;LOSS;;;;;;;;;;Local Min;0,0123;0,154;0,0018;0,1549;Comprar;76,6;Strong/Strong Buy;1;B:8% N:14% Bu:23% S:55%;0,94;69;1.5:1;Señal activa;165,38;0,9495;0,14;0,112;BUENO;27,8;8,7;7,7;Aceptable;Mod;Bullish;Oscillating;Maduro (50);65;buy
HDEF;ETF;Exchange Traded Fund;28/08/2026;08/09/2026;33,84;34,1;34,36;33,45;10/09/2026;33,45;-0,0115;LOSS;;;;;;;;;;Saddle;-0,0089;0,3569;-0,0033;0,3574;Esperar;76,6;Strong/Strong Buy;1;B:8% N:14% Bu:23% S:55%;0,78;25;1.5:1;Señal máxima;35,54;0,7827;0,107;0,001;DÉBIL;ETF;;;;;Bullish;Oscillating;Temprano (95);65;buy
ANET;Technology;Computer Hardware;31/08/2026;01/09/2026;193,04;201,88;210,72;179,78;25/09/2026;210,72;0,0916;WIN;;;;;;;;;;Saddle;-0,0036;0,2086;-0,0011;0,2102;Esperar;75,88;Strong/Strong Buy;1;B:9% N:14% Bu:24% S:53%;0,94;80;1.5:1;Señal máxima;207,16;0,9452;0,151;0,058;EXCELENTE;11;14,1;36,5;Alta;Mod;Bullish;Oscillating;Temprano (85);65;buy
BVN;Basic Materials;Other Precious Metals & Mining;31/08/2026;01/09/2026;33,85;35,35;36,85;31,6;28/09/2026;31,6;-0,0665;LOSS;;;;;;;;;;Local Min;0,0248;0,7759;0,0161;0,7804;Comprar;75,88;Strong/Strong Buy;1;B:9% N:14% Bu:24% S:53%;0,94;100;1.5:1;Señal máxima;36,96;0,95;0,223;0,126;EXCELENTE;15,8;10,8;160;Alta;Mod;Bullish;Oscillating;Temprano (75);65;buy
SHEL;Energy;Oil & Gas Integrated;31/08/2026;31/08/2026;91,03;92,42;93,81;88,95;01/09/2026;93,81;0,0305;WIN;;;;;;;;;;Local Max;-0,0356;-0,0555;0,0014;0,0739;Evitar;76,6;Strong/Strong Buy;1;B:8% N:14% Bu:23% S:55%;0,91;81;1.5:1;Señal máxima;97,58;0,95;0,131;0,013;EXCELENTE;-5;6,4;200,5;Alta;Mod;Bullish;Oscillating;Temprano (75);65;buy
MATX;Industrials;Marine Shipping;31/08/2026;31/08/2026;223,03;228,98;234,93;214,1;14/09/2026;234,94;0,0534;WIN;;;;;;;;;;Saddle;0,0166;-0,1322;-0,0023;0,1339;Esperar;73,08;Strong/Strong Buy;1;B:11% N:16% Bu:24% S:48%;0,88;81;1.5:1;Señal máxima;242,95;0,95;0,167;0,086;EXCELENTE;-5,5;6,9;36,6;Alta;Mod;Bullish;Unstable;Maduro (50);45;avoid
CVX;Energy;Oil & Gas Integrated;31/08/2026;31/08/2026;204,93;208,97;213,01;198,87;03/09/2026;213;0,0394;WIN;;;;;;;;;;Saddle;-0,0165;0,3141;-0,0059;0,3168;Esperar;76,6;Strong/Strong Buy;1;B:8% N:14% Bu:23% S:55%;0,88;71;1.5:1;Señal máxima;221,64;0,95;0,112;0,076;BUENO;-7,1;5,9;384,8;Alta;Mod;Bullish;Unstable;Fresco (60);45;avoid
A;Healthcare;Diagnostics & Research;31/08/2026;31/08/2026;152,28;156,56;160,84;145,86;09/09/2026;145,85;-0,0422;LOSS;;;;;;;;;;Flat;0,0065;0,0934;0,0006;0,0938;Neutral;76,6;Strong/Strong Buy;1;B:8% N:14% Bu:23% S:55%;0,94;69;1.5:1;Señal activa;165,05;0,9495;0,138;0,098;BUENO;27,7;8,7;7,7;Aceptable;Mod;Bullish;Unstable;Fresco (65);45;avoid
HAL;Energy;Oil & Gas Equipment & Services;31/08/2026;31/08/2026;36,52;37,63;38,74;34,86;14/09/2026;34,86;-0,0455;LOSS;;;;;;;;;;Local Min;0,0448;0,0399;0,0015;0,0652;Comprar;73,08;Strong/Strong Buy;1;B:11% N:16% Bu:24% S:48%;0,93;65;1.5:1;Señal activa;39,7;0,9312;0,145;0,156;BUENO;-4,4;7,3;13,1;Alta;Mod;Bullish;Unstable;Maduro (40);55;hold
EWZ;ETF;Exchange Traded Fund;01/09/2026;01/09/2026;36,36;37,05;37,74;35,33;02/09/2026;37,74;0,038;WIN;;;;;;;;;;Saddle;-0,0096;0,3274;-0,0036;0,3291;Esperar;70,21;Strong/Strong Buy;1;B:14% N:18% Bu:25% S:42%;0,73;25;1.5:1;Señal máxima;38,7;0,8175;0,143;0,004;DÉBIL;ETF;;;;;Bullish;Unstable;Temprano (90);45;avoid
HRMY;Healthcare;Biotechnology;01/09/2026;01/09/2026;40,85;42,19;43,53;38,84;30/09/2026;38,84;-0,0492;LOSS;;;;;;;;;;Saddle;0,046;-0,1715;-0,0094;0,1859;Esperar;76,6;Strong/Strong Buy;1;B:8% N:14% Bu:23% S:55%;0,88;100;1.5:1;Señal máxima;44,56;0,95;0,187;0,159;EXCELENTE;27,2;11,6;89,6;Alta;Bajo;Bullish;Unstable;Extendido (10);55;hold
EC;Energy;Oil & Gas Integrated;01/09/2026;01/09/2026;17,28;17,85;18,42;16,43;24/09/2026;16,43;-0,0492;LOSS;;;;;;;;;;Local Max;-0,0215;-0,0604;0,0013;0,0641;Evitar;75,88;Strong/Strong Buy;1;B:9% N:14% Bu:24% S:53%;0,94;91;1.5:1;Señal máxima;18,85;0,95;0,188;0,051;EXCELENTE;-3,4;7,3;234,8;Alta;Mod;Bullish;Unstable;Temprano (75);45;avoid
SQM;Basic Materials;Specialty Chemicals;01/09/2026;01/09/2026;79,69;82,43;85,17;75,58;08/09/2026;75,58;-0,0516;LOSS;;;;;;;;;;Saddle;0,0687;-0,1952;-0,0142;0,2106;Esperar;73,08;Strong/Strong Buy;1;B:11% N:16% Bu:24% S:48%;0,94;90;1.5:1;Señal máxima;86,69;0,95;0,157;0,201;EXCELENTE;9,8;11,6;646,4;Alta;Bajo;Bullish;Oscillating;Maduro (50);65;buy
PBYI;Healthcare;Biotechnology;01/09/2026;01/09/2026;9,23;9,63;10,03;8,63;30/09/2026;10,03;0,0867;WIN;;;;;;;;;;Local Min;0,066;0,1041;0,0068;0,1236;Comprar;73,08;Strong/Strong Buy;1;B:11% N:16% Bu:24% S:48%;0,94;86;1.5:1;Señal máxima;10,12;0,95;0,184;0,216;EXCELENTE;28,7;9,8;39,9;Alta;Mod;Bullish;Unstable;Tardio (35);45;avoid
SHEL;Energy;Oil & Gas Integrated;01/09/2026;01/09/2026;93,07;94,53;95,99;90,88;09/09/2026;95,99;0,0314;WIN;;;;;;;;;;Flat;-0,0108;0,0622;-0,0009;0,0667;Neutral;73,77;Strong/Strong Buy;1;B:11% N:16% Bu:24% S:49%;0,91;81;1.5:1;Señal máxima;100,71;0,95;0,132;0,05;EXCELENTE;-5;6,4;200,5;Alta;Mod;Bullish;Unstable;Temprano (90);45;avoid
AR;Energy;Oil & Gas E&P;01/09/2026;01/09/2026;39,47;40,59;41,71;37,79;16/09/2026;37,79;-0,0426;LOSS;;;;;;;;;;Flat;0,0094;0,1053;0,0007;0,1087;Neutral;73,08;Strong/Strong Buy;1;B:11% N:16% Bu:24% S:48%;0,88;81;1.5:1;Señal máxima;43,05;0,95;0,173;0,091;EXCELENTE;-5,1;6,6;78;Alta;Mod;Bullish;Oscillating;Tardio (35);65;buy
A;Healthcare;Diagnostics & Research;01/09/2026;02/09/2026;148,57;153,11;157,65;141,76;10/09/2026;141,77;-0,0458;LOSS;;;;;;;;;;Flat;0,0006;0,0633;0;0,0633;Neutral;79,31;Strong/Strong Buy;1;B:6% N:12% Bu:22% S:60%;0,94;69;1.5:1;Señal activa;161,25;0,9495;0,145;0,073;BUENO;27,7;8,7;7,7;Aceptable;Mod;Bullish;Oscillating;Temprano (85);65;buy
BP;Energy;Oil & Gas Integrated;01/09/2026;01/09/2026;44,16;45,19;46,22;42,61;10/09/2026;46,22;0,0466;WIN;;;;;;;;;;Saddle;-0,038;0,1459;-0,0062;0,1549;Esperar;73,08;Strong/Strong Buy;1;B:11% N:16% Bu:24% S:48%;0,89;66;1.5:1;Señal activa;47,6;0,9109;0,123;0,017;BUENO;-10,4;5;140,1;Alta;Bajo;Bullish;Damped;Temprano (90);85;buy
DVYE;ETF;Exchange Traded Fund;01/09/2026;;35,5;35,84;36,18;34,99;11/09/2026;;;SIN FILL;;;;;;;;;;Local Max;-0,001;-1,0838;0,0011;1,0839;Evitar;73,77;Strong/Strong Buy;1;B:11% N:16% Bu:24% S:49%;0,59;25;1.5:1;Señal máxima;37,57;0,8175;0,112;0,04;DÉBIL;ETF;;;;;Bullish;Unstable;Temprano (75);45;avoid
NVDA;Technology;Semiconductors;02/09/2026;02/09/2026;222,14;229,72;237,3;210,77;14/09/2026;210,77;-0,0512;LOSS;;;;;;;;;;Flat;-0,0119;0,07;-0,001;0,0728;Neutral;73,08;Strong/Strong Buy;1;B:11% N:16% Bu:24% S:48%;0,89;85;1.5:1;Señal máxima;240,68;0,95;0,156;0,024;EXCELENTE;96,7;53,6;125,9;Alta;Mod;Bullish;Unstable;Temprano (90);45;avoid
EC;Energy;Oil & Gas Integrated;02/09/2026;02/09/2026;17,34;17,9;18,46;16,5;22/09/2026;16,5;-0,0484;LOSS;;;;;;;;;;Flat;-0,0081;-0,0923;0,0008;0,0927;Neutral;75,88;Strong/Strong Buy;1;B:9% N:14% Bu:24% S:53%;0,94;91;1.5:1;Señal máxima;18,88;0,95;0,185;0,074;EXCELENTE;-3,4;7,3;234,8;Alta;Mod;Bullish;Oscillating;Temprano (75);65;buy
INCY;Healthcare;Biotechnology;02/09/2026;02/09/2026;127,75;131,35;134,95;122,35;08/09/2026;122,35;-0,0423;LOSS;;;;;;;;;;Flat;0,0103;-0,0073;-0,0001;0,013;Neutral;73,08;Strong/Strong Buy;1;B:11% N:16% Bu:24% S:48%;0,94;90;1.5:1;Señal máxima;138,48;0,95;0,138;0,068;EXCELENTE;37,4;16,8;44,6;Alta;Bajo;Bullish;Oscillating;Fresco (60);65;buy
SHEL;Energy;Oil & Gas Integrated;02/09/2026;03/09/2026;92,37;93,8;95,23;90,23;08/09/2026;95,23;0,031;WIN;;;;;;;;;;Flat;-0,0004;0,116;-0,0001;0,1162;Neutral;76,6;Strong/Strong Buy;1;B:8% N:14% Bu:23% S:55%;0,94;81;1.5:1;Señal máxima;99,78;0,95;0,131;0,067;EXCELENTE;-5;6,4;200,5;Alta;Mod;Bullish;Unstable;Temprano (75);45;avoid
FCFS;Financial;Credit Services;02/09/2026;02/09/2026;217,33;226,55;235,77;203,5;;211,33;-0,0276;PARCIAL TP1;;;;;;;;;;Saddle;0,017;-0,286;-0,0061;0,2907;Esperar;73,08;Strong/Strong Buy;1;B:11% N:16% Bu:24% S:48%;0,89;76;1.5:1;Señal máxima;237,53;0,95;0,182;0,026;BUENO;-1;8,3;56,3;Alta;Mod;Bullish;Oscillating;Temprano (95);65;buy
A;Healthcare;Diagnostics & Research;02/09/2026;02/09/2026;150,01;154,62;159,23;143,09;10/09/2026;143,09;-0,0461;LOSS;;;;;;;;;;Local Min;0,0062;0,2283;0,0014;0,2285;Comprar;79,31;Strong/Strong Buy;1;B:6% N:12% Bu:22% S:60%;0,94;69;1.5:1;Señal activa;162,84;0,9495;0,146;0,088;BUENO;27,7;8,7;7,7;Aceptable;Mod;Bullish;Oscillating;Fresco (65);65;buy
HAL;Energy;Oil & Gas Equipment & Services;02/09/2026;02/09/2026;37,3;38,39;39,48;35,66;11/09/2026;35,66;-0,044;LOSS;;;;;;;;;;Local Min;0,0658;0,0752;0,004;0,1089;Comprar;73,08;Strong/Strong Buy;1;B:11% N:16% Bu:24% S:48%;0,88;65;1.5:1;Señal activa;40,52;0,9315;0,141;0,183;BUENO;-4,4;7,3;13,1;Alta;Mod;Bullish;Oscillating;Tardio (25);75;buy
NVDA;Technology;Semiconductors;03/09/2026;03/09/2026;226,21;233,67;241,13;215,02;14/09/2026;215,01;-0,0495;LOSS;;;;;;;;;;Saddle;-0,0085;0,1494;-0,0014;0,1508;Esperar;73,08;Strong/Strong Buy;1;B:11% N:16% Bu:24% S:48%;0,89;85;1.5:1;Señal máxima;245,1;0,95;0,153;0,043;EXCELENTE;96,7;53,6;125,9;Alta;Mod;Bullish;Unstable;Temprano (90);45;avoid
EZA;ETF;Exchange Traded Fund;03/09/2026;03/09/2026;71,39;72,81;74,23;69,26;14/09/2026;69,26;-0,0298;LOSS;;;;;;;;;;Local Min;0,0042;1,2558;0,003;1,2577;Comprar;73,08;Strong/Strong Buy;1;B:11% N:16% Bu:24% S:48%;0,82;25;1.5:1;Señal máxima;75,79;0,801;0,146;0,074;DÉBIL;ETF;;;;;Bullish;Unstable;Temprano (75);45;avoid
HRMY;Healthcare;Biotechnology;03/09/2026;03/09/2026;41,45;42,83;44,21;39,38;29/09/2026;39,38;-0,0499;LOSS;;;;;;;;;;Saddle;0,0137;-0,2022;-0,0029;0,2032;Esperar;76,6;Strong/Strong Buy;1;B:8% N:14% Bu:23% S:55%;0,94;100;1.5:1;Señal máxima;45,12;0,95;0,189;0,08;EXCELENTE;27,4;11,6;89,6;Alta;Bajo;Bullish;Oscillating;Maduro (50);65;buy
MATX;Industrials;Marine Shipping;03/09/2026;03/09/2026;220,52;226,34;232,16;211,79;11/09/2026;232,16;0,0528;WIN;;;;;;;;;;Saddle;0,0173;-0,3371;-0,0059;0,3377;Esperar;75,88;Strong/Strong Buy;1;B:9% N:14% Bu:24% S:53%;0,93;91;1.5:1;Señal máxima;239,58;0,95;0,166;0,078;EXCELENTE;-5,5;6,9;36,6;Alta;Mod;Bullish;Unstable;Temprano (75);45;avoid
SQM;Basic Materials;Specialty Chemicals;03/09/2026;04/09/2026;78,96;81,7;84,44;74,85;04/09/2026;74,85;-0,0521;LOSS;;;;;;;;;;Saddle;0,029;-0,5657;-0,0166;0,5667;Esperar;79,31;Strong/Strong Buy;1;B:6% N:12% Bu:22% S:60%;0,94;90;1.5:1;Señal máxima;85,85;0,95;0,158;0,101;EXCELENTE;9,8;11,6;646,4;Alta;Bajo;Bullish;Oscillating;Fresco (65);65;buy
OVV;Energy;Oil & Gas E&P;03/09/2026;04/09/2026;65,39;67,13;68,87;62,78;08/09/2026;62,78;-0,0399;LOSS;;;;;;;;;;Saddle;0,0027;-0,4541;-0,0018;0,4554;Esperar;79,31;Strong/Strong Buy;1;B:6% N:12% Bu:22% S:60%;0,94;66;1.5:1;Señal activa;70,69;0,9168;0,133;0,101;BUENO;-10,9;8,6;48,5;Alta;Bajo;Bullish;Unstable;Fresco (65);45;avoid
DFEV;ETF;Exchange Traded Fund;03/09/2026;03/09/2026;42,89;43,46;44,03;42,04;16/09/2026;42,04;-0,0198;LOSS;;;;;;;;;;Flat;0,0175;0,0322;0,0004;0,0398;Neutral;73,08;Strong/Strong Buy;1;B:11% N:16% Bu:24% S:48%;0,82;25;1.5:1;Señal máxima;45,23;0,7875;0,125;0,052;DÉBIL;ETF;;;;;Bullish;Unstable;Temprano (75);45;avoid
NVDA;Technology;Semiconductors;04/09/2026;08/09/2026;228,15;235,53;242,91;217,08;14/09/2026;217,08;-0,0485;LOSS;;;;;;;;;;Saddle;-0,0077;0,2134;-0,0018;0,2145;Esperar;70,21;Strong/Strong Buy;1;B:14% N:18% Bu:25% S:42%;0,89;85;1.5:1;Señal máxima;247,34;0,95;0,151;0,029;EXCELENTE;96,6;53,6;125,9;Alta;Mod;Bullish;Unstable;Temprano (90);45;avoid
EWY;ETF;Exchange Traded Fund;04/09/2026;04/09/2026;186,85;193,59;200,33;176,74;14/09/2026;176,74;-0,0541;LOSS;;;;;;;;;;Local Min;0,0534;0,1261;0,0055;0,1457;Comprar;70,91;Strong/Strong Buy;1;B:13% N:18% Bu:24% S:44%;0,82;25;1.5:1;Señal máxima;199,56;0,7819;0,197;0,137;DÉBIL;ETF;;;;;Bullish;Unstable;Fresco (55);45;avoid
EC;Energy;Oil & Gas Integrated;04/09/2026;04/09/2026;17,08;17,64;18,2;16,24;15/09/2026;18,2;0,0656;WIN;;;;;;;;;;Saddle;-0,0124;0,2486;-0,0031;0,2489;Esperar;73,08;Strong/Strong Buy;1;B:11% N:16% Bu:24% S:48%;0,91;91;1.5:1;Señal máxima;18,59;0,95;0,187;0,028;EXCELENTE;-3,4;7,3;234,8;Alta;Mod;Bullish;Oscillating;Temprano (100);65;buy
MU;Technology;Semiconductors;04/09/2026;04/09/2026;1000,14;1054,98;1109,82;917,88;14/09/2026;917,93;-0,0822;LOSS;;;;;;;;;;Saddle;0,0554;-0,0385;-0,0023;0,0695;Esperar;70,91;Strong/Strong Buy;1;B:13% N:18% Bu:24% S:44%;0,93;84;1.5:1;Señal máxima;1097,58;0,95;0,22;0,158;EXCELENTE;46;34,9;14;Alta;Bajo;Bullish;Oscillating;Tardio (25);75;buy
OKE;Energy;Oil & Gas Midstream;04/09/2026;04/09/2026;94,71;97,1;99,49;91,12;22/09/2026;91,12;-0,0379;LOSS;;;;;;;;;;Flat;0,0318;0,0248;0,0007;0,0428;Neutral;75,88;Strong/Strong Buy;1;B:9% N:14% Bu:24% S:53%;0,93;75;1.5:1;Señal máxima;101,94;0,9391;0,129;0,104;BUENO;-3;5,8;14,9;Alta;Mod;Bullish;Unstable;Fresco (65);45;avoid
OVV;Energy;Oil & Gas E&P;04/09/2026;08/09/2026;64,24;65,98;67,72;61,63;21/09/2026;61,63;-0,0406;LOSS;;;;;;;;;;Saddle;0,0047;-0,1927;-0,0013;0,1947;Esperar;79,31;Strong/Strong Buy;1;B:6% N:12% Bu:22% S:60%;0,94;66;1.5:1;Señal activa;69,09;0,9031;0,134;0,091;BUENO;-10,9;8,6;48,5;Alta;Bajo;Bullish;Unstable;Temprano (75);45;avoid
HAL;Energy;Oil & Gas Equipment & Services;04/09/2026;08/09/2026;36,76;37,8;38,84;35,2;14/09/2026;35,2;-0,0424;LOSS;;;;;;;;;;Local Min;0,0578;0,0714;0,0033;0,1001;Comprar;73,08;Strong/Strong Buy;1;B:11% N:16% Bu:24% S:48%;0,94;65;1.5:1;Señal activa;39,87;0,9266;0,138;0,168;BUENO;-4,4;7,3;13,1;Alta;Mod;Bullish;Unstable;Maduro (50);45;avoid
ESGE;ETF;Exchange Traded Fund;04/09/2026;04/09/2026;55,29;56,12;56,95;54,05;14/09/2026;54,05;-0,0224;LOSS;;;;;;;;;;Saddle;0,0169;-0,1854;-0,0031;0,1862;Esperar;73,08;Strong/Strong Buy;1;B:11% N:16% Bu:24% S:48%;0,82;25;1.5:1;Señal máxima;58,38;0,7884;0,13;0,054;DÉBIL;ETF;;;;;Bullish;Oscillating;Temprano (75);65;buy
CF;Basic Materials;Agricultural Inputs;04/09/2026;04/09/2026;131,75;137,09;142,43;123,74;21/09/2026;123,74;-0,0608;LOSS;;;;;;;;;;Saddle;0,0458;-0,0485;-0,0025;0,0708;Esperar;67,64;Bullish/Strong Buy;0,859;B:11% N:16% Bu:24% S:48%;0,94;100;1.5:1;Acumulación;142,94;0,95;0,154;0,172;EXCELENTE;17,9;12,9;88,3;Alta;Mod;Bullish;Unstable;Tardio (25);45;avoid
MDT;Healthcare;Medical Devices;04/09/2026;04/09/2026;93,49;95,77;98,05;90,07;23/09/2026;90,07;-0,0366;LOSS;;;;;;;;;;Flat;0,0094;0,1041;0,0009;0,1051;Neutral;76,6;Strong/Strong Buy;1;B:8% N:14% Bu:23% S:55%;0,91;45;1.5:1;Señal máxima;101,16;0,843;0,126;0,08;REGULAR;6,9;;41,3;Sospechosa;N/A;Bullish;Unstable;Fresco (65);45;avoid
EC;Energy;Oil & Gas Integrated;08/09/2026;08/09/2026;17,61;18,17;18,73;16,77;22/09/2026;16,77;-0,0477;LOSS;;;;;;;;;;Flat;-0,008;-0,0193;0,0002;0,0209;Neutral;70,21;Strong/Strong Buy;1;B:14% N:18% Bu:25% S:42%;0,91;91;1.5:1;Señal máxima;19,15;0,95;0,184;0,043;EXCELENTE;-3,4;7,3;234,8;Alta;Mod;Bullish;Oscillating;Temprano (90);65;buy
PBYI;Healthcare;Biotechnology;08/09/2026;08/09/2026;9,27;9,68;10,09;8,65;30/09/2026;10,09;0,0885;WIN;;;;;;;;;;Flat;-0,0003;-0,332;0,0001;0,332;Neutral;75,88;Strong/Strong Buy;1;B:9% N:14% Bu:24% S:53%;0,94;86;1.5:1;Señal máxima;10,13;0,95;0,187;0,081;EXCELENTE;28,7;9,8;39,9;Alta;Mod;Bullish;Unstable;Maduro (50);45;avoid
VCTR;Financial;Asset Management;08/09/2026;08/09/2026;112,22;115,9;119,58;106,7;15/09/2026;106,7;-0,0492;LOSS;;;;;;;;;;Local Max;-0,0448;-0,2691;0,0086;0,285;Evitar;76,6;Strong/Strong Buy;1;B:8% N:14% Bu:23% S:55%;0,91;85;1.5:1;Señal máxima;121,13;0,95;0,152;0,017;EXCELENTE;0,7;10,7;137,3;Alta;Bajo;Bullish;Oscillating;Temprano (85);65;buy
SHEL;Energy;Oil & Gas Integrated;08/09/2026;08/09/2026;94,86;96,38;97,9;92,58;15/09/2026;97,9;0,032;WIN;;;;;;;;;;Flat;-0,0008;0,2009;-0,0002;0,2012;Neutral;76,6;Strong/Strong Buy;1;B:8% N:14% Bu:23% S:55%;0,88;81;1.5:1;Señal máxima;102,5;0,95;0,133;0,069;EXCELENTE;-5;6,4;200,5;Alta;Mod;Bullish;Oscillating;Fresco (60);75;buy
MATX;Industrials;Marine Shipping;08/09/2026;08/09/2026;221,58;227,27;232,96;213,05;14/09/2026;232,97;0,0514;WIN;;;;;;;;;;Saddle;0,0116;-0,5269;-0,0062;0,5271;Esperar;75,88;Strong/Strong Buy;1;B:9% N:14% Bu:24% S:53%;0,93;81;1.5:1;Señal máxima;240,03;0,95;0,164;0,07;EXCELENTE;-5,5;6,9;36,6;Alta;Mod;Bullish;Oscillating;Temprano (75);65;buy
OKE;Energy;Oil & Gas Midstream;08/09/2026;08/09/2026;96,78;99,2;101,62;93,15;16/09/2026;93,15;-0,0375;LOSS;;;;;;;;;;Flat;0,0209;0,0489;0,001;0,0538;Neutral;73,08;Strong/Strong Buy;1;B:11% N:16% Bu:24% S:48%;0,93;75;1.5:1;Señal máxima;104,47;0,9405;0,128;0,079;BUENO;-3;5,8;14,9;Alta;Mod;Bullish;Unstable;Temprano (75);45;avoid
CNXN;Technology;Electronics & Computer Distribution;08/09/2026;08/09/2026;82,94;85,29;87,64;79,41;16/09/2026;87,64;0,0567;WIN;;;;;;;;;;Local Max;-0,0079;-0,2006;0,0016;0,2008;Evitar;70,21;Strong/Strong Buy;1;B:14% N:18% Bu:25% S:42%;0,89;71;1.5:1;Señal máxima;89,8;0,9345;0,138;0,018;BUENO;-10,3;5,7;33,8;Alta;Bajo;Bullish;Unstable;Temprano (90);45;avoid
CVX;Energy;Oil & Gas Integrated;08/09/2026;;208,61;212,59;216,57;202,64;17/09/2026;;;SIN FILL;;;;;;;;;;Flat;0,0033;-0,1228;-0,0004;0,1231;Neutral;76,6;Strong/Strong Buy;1;B:8% N:14% Bu:23% S:55%;0,88;71;1.5:1;Señal máxima;224,73;0,9363;0,11;0,086;BUENO;-7,1;5,9;384,8;Alta;Mod;Bullish;Unstable;Maduro (50);45;avoid
OVV;Energy;Oil & Gas E&P;08/09/2026;08/09/2026;63,56;65,36;67,16;60,86;15/09/2026;67,16;0,0566;WIN;;;;;;;;;;Saddle;-0,0288;0,0587;-0,0022;0,0725;Esperar;73,08;Strong/Strong Buy;1;B:11% N:16% Bu:24% S:48%;0,91;66;1.5:1;Señal activa;68,46;0,9061;0,139;0,008;BUENO;-10,9;8,6;48,5;Alta;Bajo;Bullish;Oscillating;Temprano (85);65;buy
DFEV;ETF;Exchange Traded Fund;08/09/2026;10/09/2026;43,34;43,9;44,46;42,5;14/09/2026;42,5;-0,0194;LOSS;;;;;;;;;;Local Min;0,0112;0,1752;0,0019;0,1758;Comprar;73,08;Strong/Strong Buy;1;B:11% N:16% Bu:24% S:48%;0,66;25;1.5:1;Señal máxima;45,8;0,7994;0,123;0,058;DÉBIL;ETF;;;;;Bullish;Unstable;Fresco (60);45;avoid
DFAE;ETF;Exchange Traded Fund;08/09/2026;09/09/2026;40,41;40,98;41,55;39,55;14/09/2026;39,55;-0,0213;LOSS;;;;;;;;;;Flat;0,0082;0,0679;0,0005;0,0691;Neutral;70,21;Strong/Strong Buy;1;B:14% N:18% Bu:25% S:42%;0,73;25;1.5:1;Señal máxima;42,82;0,7878;0,127;0,049;DÉBIL;ETF;;;;;Bullish;Unstable;Temprano (90);45;avoid
CF;Basic Materials;Agricultural Inputs;09/09/2026;09/09/2026;136,55;141,75;146,95;128,75;18/09/2026;128,75;-0,0571;LOSS;;;;;;;;;;Flat;0,0436;0,0121;0,0005;0,0459;Neutral;73,08;Strong/Strong Buy;1;B:11% N:16% Bu:24% S:48%;0,88;100;1.5:1;Señal máxima;149,77;0,95;0,204;0,179;EXCELENTE;17,9;12,9;88,3;Alta;Mod;Bullish;Unstable;Extendido (20);45;avoid
VIST;Energy;Oil & Gas E&P;09/09/2026;16/09/2026;73,67;76,67;79,67;69,17;22/09/2026;69,17;-0,0611;LOSS;;;;;;;;;;Local Min;0,0281;0,5136;0,0101;0,5228;Comprar;75,88;Strong/Strong Buy;1;B:9% N:14% Bu:24% S:53%;0,93;96;1.5:1;Señal máxima;80,7;0,95;0,212;0,128;EXCELENTE;10,3;10;36,7;Alta;Mod;Bullish;Oscillating;Fresco (65);65;buy
EC;Energy;Oil & Gas Integrated;09/09/2026;11/09/2026;17,66;18,21;18,76;16,84;21/09/2026;16,84;-0,0464;LOSS;;;;;;;;;;Flat;-0,0017;0,1638;-0,0003;0,1639;Neutral;70,21;Strong/Strong Buy;1;B:14% N:18% Bu:25% S:42%;0,91;91;1.5:1;Señal máxima;19,21;0,95;0,181;0,048;EXCELENTE;-3,6;7,3;234,8;Alta;Mod;Bullish;Unstable;Temprano (90);45;avoid
PBYI;Healthcare;Biotechnology;09/09/2026;10/09/2026;8,93;9,34;9,75;8,31;21/09/2026;9,75;0,0918;WIN;;;;;;;;;;Flat;-0,0078;-0,0175;0,0001;0,0192;Neutral;73,08;Strong/Strong Buy;1;B:11% N:16% Bu:24% S:48%;0,91;86;1.5:1;Señal máxima;9,72;0,95;0,192;0,032;EXCELENTE;27,1;9,8;39,9;Alta;Mod;Bullish;Oscillating;Temprano (85);65;buy
SCCO;Basic Materials;Copper;09/09/2026;10/09/2026;206,69;215,27;223,85;193,82;10/09/2026;193,81;-0,0623;LOSS;;;;;;;;;;Flat;-0,0023;0,1871;-0,0006;0,1878;Neutral;75,88;Strong/Strong Buy;1;B:9% N:14% Bu:24% S:53%;0,93;85;1.5:1;Señal máxima;225,77;0,95;0,179;0,076;EXCELENTE;37,9;25,7;71,6;Alta;Bajo;Bullish;Oscillating;Fresco (60);65;buy
SHEL;Energy;Oil & Gas Integrated;09/09/2026;09/09/2026;95,15;96,64;98,13;92,92;15/09/2026;98,13;0,0313;WIN;;;;;;;;;;Flat;-0,0019;0,3586;-0,0008;0,359;Neutral;76,6;Strong/Strong Buy;1;B:8% N:14% Bu:23% S:55%;0,88;81;1.5:1;Señal máxima;102,87;0,95;0,132;0,066;EXCELENTE;-5,2;6,4;200,5;Alta;Mod;Bullish;Unstable;Fresco (60);45;avoid
AR;Energy;Oil & Gas E&P;09/09/2026;09/09/2026;38,81;39,83;40,85;37,28;16/09/2026;37,28;-0,0394;LOSS;;;;;;;;;;Local Max;-0,0201;-0,2823;0,005;0,2854;Evitar;70,21;Strong/Strong Buy;1;B:14% N:18% Bu:25% S:42%;0,91;81;1.5:1;Señal máxima;42,2;0,95;0,166;0,034;EXCELENTE;-5,3;6,6;78;Alta;Mod;Bullish;Oscillating;Temprano (75);65;buy
MATX;Industrials;Marine Shipping;09/09/2026;09/09/2026;225,16;230,83;236,5;216,66;14/09/2026;236,51;0,0504;WIN;;;;;;;;;;Saddle;0,0329;-0,3493;-0,0115;0,3509;Esperar;73,08;Strong/Strong Buy;1;B:11% N:16% Bu:24% S:48%;0,93;81;1.5:1;Señal máxima;244,57;0,95;0,163;0,11;EXCELENTE;-5,5;6,9;36,6;Alta;Mod;Bullish;Unstable;Fresco (55);45;avoid
FCFS;Financial;Credit Services;09/09/2026;09/09/2026;224,91;233,12;241,33;212,59;15/09/2026;212,58;-0,0548;LOSS;;;;;;;;;;Local Min;0,0251;0,0741;0,0015;0,0823;Comprar;75,88;Strong/Strong Buy;1;B:9% N:14% Bu:24% S:53%;0,93;76;1.5:1;Señal máxima;244,92;0,95;0,164;0,093;BUENO;-1,2;8,3;56,3;Alta;Mod;Bullish;Oscillating;Fresco (65);65;buy
OKE;Energy;Oil & Gas Midstream;09/09/2026;10/09/2026;95,06;97,6;100,14;91,25;22/09/2026;91,25;-0,0401;LOSS;;;;;;;;;;Flat;0,0093;0,0409;0,0004;0,042;Neutral;73,08;Strong/Strong Buy;1;B:11% N:16% Bu:24% S:48%;0,91;75;1.5:1;Señal máxima;102,29;0,9331;0,134;0,047;BUENO;-3,2;5,8;14,9;Alta;Mod;Bullish;Unstable;Temprano (90);45;avoid
COP;Energy;Oil & Gas E&P;09/09/2026;10/09/2026;135,62;138,66;141,7;131,06;17/09/2026;131,06;-0,0336;LOSS;;;;;;;;;;Flat;-0,0081;0,0407;-0,0004;0,0421;Neutral;76,6;Strong/Strong Buy;1;B:8% N:14% Bu:23% S:55%;0,88;71;1.5:1;Señal máxima;146,33;0,9345;0,12;0,092;BUENO;-5,3;7,5;99,4;Alta;Bajo;Bullish;Unstable;Tardio (35);45;avoid
BP;Energy;Oil & Gas Integrated;09/09/2026;09/09/2026;45,37;46,4;47,43;43,82;21/09/2026;43,82;-0,0342;LOSS;;;;;;;;;;Local Min;0,0063;0,3467;0,002;0,3473;Comprar;73,08;Strong/Strong Buy;1;B:11% N:16% Bu:24% S:48%;0,93;66;1.5:1;Señal activa;48,87;0,909;0,121;0,071;BUENO;-10,6;5;140,1;Alta;Bajo;Bullish;Unstable;Temprano (75);45;avoid
FNDE;ETF;Exchange Traded Fund;09/09/2026;10/09/2026;42,77;43,12;43,47;42,25;14/09/2026;42,25;-0,0122;LOSS;;;;;;;;;;Local Min;0,0033;1,0523;0,0034;1,0523;Comprar;70,21;Strong/Strong Buy;1;B:14% N:18% Bu:25% S:42%;0,54;25;1.5:1;Señal máxima;45,22;0,8175;0,108;0,036;DÉBIL;ETF;;;;;Bullish;Unstable;Temprano (75);45;avoid
CF;Basic Materials;Agricultural Inputs;10/09/2026;11/09/2026;133,51;138,85;144,19;125,5;21/09/2026;125,5;-0,06;LOSS;;;;;;;;;;Local Min;0,0259;0,063;0,0015;0,0704;Comprar;73,08;Strong/Strong Buy;1;B:11% N:16% Bu:24% S:48%;0,94;100;1.5:1;Señal máxima;146,19;0,95;0,21;0,132;EXCELENTE;17,9;12,9;88,3;Alta;Mod;Bullish;Oscillating;Maduro (50);65;buy
APA;Energy;Oil & Gas E&P;10/09/2026;10/09/2026;44,08;45,57;47,06;41,84;15/09/2026;47,06;0,0676;WIN;;;;;;;;;;Local Max;-0,0147;-0,2205;0,0032;0,221;Evitar;76,6;Strong/Strong Buy;1;B:8% N:14% Bu:23% S:55%;0,94;94;1.5:1;Señal máxima;47,91;0,95;0,19;0,114;EXCELENTE;7,4;11,6;23,9;Alta;Mod;Bullish;Oscillating;Maduro (50);65;buy
EC;Energy;Oil & Gas Integrated;10/09/2026;10/09/2026;17,91;18,45;18,99;17,1;18/09/2026;17,1;-0,0452;LOSS;;;;;;;;;;Flat;0,0004;0,3587;0,0001;0,3587;Neutral;73,08;Strong/Strong Buy;1;B:11% N:16% Bu:24% S:48%;0,94;91;1.5:1;Señal máxima;19,48;0,95;0,178;0,065;EXCELENTE;-3,4;7,3;234,8;Alta;Mod;Bullish;Unstable;Fresco (60);45;avoid
SHEL;Energy;Oil & Gas Integrated;10/09/2026;16/09/2026;95,52;97;98,48;93,3;21/09/2026;93,3;-0,0232;LOSS;;;;;;;;;;Flat;0,0021;0,2141;0,0003;0,2147;Neutral;76,6;Strong/Strong Buy;1;B:8% N:14% Bu:23% S:55%;0,88;81;1.5:1;Señal máxima;103,27;0,95;0,132;0,075;EXCELENTE;-5;6,4;200,5;Alta;Mod;Bullish;Unstable;Fresco (60);55;hold
MATX;Industrials;Marine Shipping;10/09/2026;10/09/2026;226,31;231,9;237,49;217,93;15/09/2026;237,49;0,0494;WIN;;;;;;;;;;Saddle;0,0071;-0,2273;-0,0016;0,2274;Esperar;73,08;Strong/Strong Buy;1;B:11% N:16% Bu:24% S:48%;0,93;81;1.5:1;Señal máxima;244,98;0,95;0,127;0,063;EXCELENTE;-5,5;6,9;36,6;Alta;Mod;Bullish;Oscillating;Temprano (75);65;buy
ABEV;Consumer Defensive;Beverages - Brewers;10/09/2026;10/09/2026;3,02;3,09;3,16;2,92;24/09/2026;2,92;-0,0331;LOSS;;;;;;;;;;Local Min;0,0367;0,725;0,0264;0,7262;Comprar;75,88;Strong/Strong Buy;1;B:9% N:14% Bu:24% S:53%;0,93;79;1.5:1;Señal máxima;3,28;0,95;0,161;0,078;BUENO;-11,8;10,3;24,6;Alta;Bajo;Bullish;Unstable;Temprano (85);45;avoid
FCFS;Financial;Credit Services;10/09/2026;10/09/2026;224,97;233,01;241,05;212,91;15/09/2026;212,91;-0,0536;LOSS;;;;;;;;;;Flat;0,0178;-0,0372;-0,0008;0,044;Neutral;75,88;Strong/Strong Buy;1;B:9% N:14% Bu:24% S:53%;0,93;76;1.5:1;Señal máxima;244,8;0,95;0,161;0,065;BUENO;-1;8,3;56,3;Alta;Mod;Bullish;Oscillating;Temprano (75);65;buy
XOM;Energy;Oil & Gas Integrated;10/09/2026;10/09/2026;164,16;167,74;171,32;158,79;21/09/2026;158,79;-0,0327;LOSS;;;;;;;;;;Saddle;-0,0151;0,121;-0,0019;0,1223;Esperar;70,21;Strong/Strong Buy;1;B:14% N:18% Bu:25% S:42%;0,89;71;1.5:1;Señal máxima;177,43;0,9233;0,118;0,041;BUENO;-6,7;5,5;105,1;Alta;Mod;Bullish;Unstable;Temprano (90);45;avoid
CVX;Energy;Oil & Gas Integrated;10/09/2026;10/09/2026;211,49;215,72;219,95;205,15;21/09/2026;205,15;-0,03;LOSS;;;;;;;;;;Flat;0,0016;0,0733;0,0001;0,0734;Neutral;76,6;Strong/Strong Buy;1;B:8% N:14% Bu:23% S:55%;0,88;71;1.5:1;Señal máxima;228,05;0,9383;0,113;0,092;BUENO;-7,1;5,9;384,8;Alta;Mod;Bullish;Unstable;Tardio (35);45;avoid
COP;Energy;Oil & Gas E&P;10/09/2026;10/09/2026;136,11;139,22;142,33;131,45;17/09/2026;131,46;-0,0342;LOSS;;;;;;;;;;Flat;-0,0136;0,0115;-0,0002;0,0183;Neutral;76,6;Strong/Strong Buy;1;B:8% N:14% Bu:23% S:55%;0,88;71;1.5:1;Señal máxima;146,89;0,9345;0,121;0,084;BUENO;-5,1;7,5;99,4;Alta;Bajo;Bullish;Oscillating;Tardio (35);65;buy
AVDV;ETF;Exchange Traded Fund;10/09/2026;14/09/2026;110,46;111,62;112,78;108,72;22/09/2026;112,78;0,021;WIN;;;;;;;;;;Local Max;-0,0103;-0,6405;0,0066;0,6405;Evitar;76,6;Strong/Strong Buy;1;B:8% N:14% Bu:23% S:55%;0,78;25;1.5:1;Señal máxima;116,21;0,7834;0,115;0,01;DÉBIL;ETF;;;;;Bullish;Oscillating;Temprano (95);65;buy
APA;Energy;Oil & Gas E&P;11/09/2026;11/09/2026;44,3;45,74;47,18;42,14;15/09/2026;47,18;0,065;WIN;;;;;;;;;;Local Max;-0,0139;-0,1622;0,0023;0,1628;Evitar;76,6;Strong/Strong Buy;1;B:8% N:14% Bu:23% S:55%;0,94;94;1.5:1;Señal máxima;48,18;0,95;0,186;0,118;EXCELENTE;7,4;11,6;23,9;Alta;Mod;Bullish;Unstable;Maduro (50);45;avoid
EC;Energy;Oil & Gas Integrated;11/09/2026;11/09/2026;17,59;18,13;18,67;16,78;22/09/2026;16,78;-0,046;LOSS;;;;;;;;;;Saddle;-0,0142;0,3374;-0,0049;0,3379;Esperar;73,08;Strong/Strong Buy;1;B:11% N:16% Bu:24% S:48%;0,91;91;1.5:1;Señal máxima;19,12;0,95;0,18;0,031;EXCELENTE;-3,4;7,3;234,8;Alta;Mod;Bullish;Damped;Temprano (90);85;buy
MATX;Industrials;Marine Shipping;11/09/2026;14/09/2026;228,53;234,04;239,55;220,26;15/09/2026;239,55;0,0482;WIN;;;;;;;;;;Saddle;0,0287;-0,1478;-0,0043;0,1507;Esperar;73,08;Strong/Strong Buy;1;B:11% N:16% Bu:24% S:48%;0,88;81;1.5:1;Señal máxima;247,35;0,95;0,125;0,077;EXCELENTE;-5,5;6,9;36,6;Alta;Mod;Bullish;Unstable;Fresco (60);45;avoid
ABEV;Consumer Defensive;Beverages - Brewers;11/09/2026;14/09/2026;3;3,07;3,14;2,9;25/09/2026;2,9;-0,0333;LOSS;;;;;;;;;;Local Min;0,0331;0,4383;0,0144;0,4399;Comprar;75,88;Strong/Strong Buy;1;B:9% N:14% Bu:24% S:53%;0,93;79;1.5:1;Señal máxima;3,26;0,95;0,16;0,063;BUENO;-11,8;10,3;24,6;Alta;Bajo;Bullish;Oscillating;Temprano (85);65;buy
CNXN;Technology;Electronics & Computer Distribution;11/09/2026;11/09/2026;85,05;87,41;89,77;81,51;25/09/2026;89,77;0,0555;WIN;;;;;;;;;;Flat;0,0057;0,0714;0,0004;0,0718;Neutral;73,08;Strong/Strong Buy;1;B:11% N:16% Bu:24% S:48%;0,88;71;1.5:1;Señal máxima;92,32;0,9492;0,137;0,059;BUENO;-10,4;5,7;33,8;Alta;Bajo;Bullish;Unstable;Maduro (45);45;avoid
XOM;Energy;Oil & Gas Integrated;11/09/2026;11/09/2026;164,93;168,47;172,01;159,62;21/09/2026;159,62;-0,0322;LOSS;;;;;;;;;;Saddle;-0,0079;0,1518;-0,0012;0,1522;Esperar;73,08;Strong/Strong Buy;1;B:11% N:16% Bu:24% S:48%;0,94;71;1.5:1;Señal máxima;177,36;0,9195;0,117;0,053;BUENO;-6,7;5,5;105,1;Alta;Mod;Bullish;Unstable;Temprano (75);45;avoid
COP;Energy;Oil & Gas E&P;11/09/2026;11/09/2026;136,44;139,49;142,54;131,87;17/09/2026;131,87;-0,0335;LOSS;;;;;;;;;;Flat;0,001;-0,1366;-0,0001;0,1366;Neutral;76,6;Strong/Strong Buy;1;B:8% N:14% Bu:23% S:55%;0,88;71;1.5:1;Señal máxima;147,06;0,9291;0,12;0,11;BUENO;-5,1;7,5;99,4;Alta;Bajo;Bullish;Unstable;Tardio (35);45;avoid
FNDE;ETF;Exchange Traded Fund;11/09/2026;14/09/2026;42,55;42,9;43,25;42,02;15/09/2026;42,02;-0,0125;LOSS;;;;;;;;;;Flat;0,0019;-0,306;-0,0006;0,306;Neutral;70,21;Strong/Strong Buy;1;B:14% N:18% Bu:25% S:42%;0,73;25;1.5:1;Señal máxima;44,99;0,8175;0,108;0,032;DÉBIL;ETF;;;;;Bullish;Oscillating;Temprano (85);65;buy
EC;Energy;Oil & Gas Integrated;14/09/2026;16/09/2026;17,58;18,11;18,64;16,78;22/09/2026;16,78;-0,0455;LOSS;;;;;;;;;;Flat;-0,0086;0,1075;-0,0009;0,1079;Neutral;73,08;Strong/Strong Buy;1;B:11% N:16% Bu:24% S:48%;0,91;91;1.5:1;Señal máxima;19,12;0,95;0,178;0,033;EXCELENTE;-3,4;7,3;234,8;Alta;Mod;Bullish;Damped;Temprano (90);85;buy
SHEL;Energy;Oil & Gas Integrated;14/09/2026;16/09/2026;96,01;97,47;98,93;93,82;21/09/2026;93,82;-0,0228;LOSS;;;;;;;;;;Flat;0,0047;0,1995;0,0008;0,2002;Neutral;76,6;Strong/Strong Buy;1;B:8% N:14% Bu:23% S:55%;0,88;81;1.5:1;Señal máxima;103,45;0,95;0,131;0,066;EXCELENTE;-5;6,4;200,5;Alta;Mod;Bullish;Oscillating;Fresco (60);65;buy
BP;Energy;Oil & Gas Integrated;14/09/2026;16/09/2026;45,63;46,63;47,63;44,13;21/09/2026;44,13;-0,0329;LOSS;;;;;;;;;;Local Min;0,0119;0,1742;0,0019;0,1756;Comprar;73,08;Strong/Strong Buy;1;B:11% N:16% Bu:24% S:48%;0,94;66;1.5:1;Señal activa;49,23;0,921;0,118;0,08;BUENO;-10,4;5;140,1;Alta;Bajo;Bullish;Oscillating;Temprano (75);65;buy
EOG;Energy;Oil & Gas E&P;15/09/2026;15/09/2026;152,62;156,34;160,06;147,04;16/09/2026;147,03;-0,0366;LOSS;;;;;;;;;;Flat;0,0027;0,1245;0,0003;0,1247;Neutral;70,91;Strong/Strong Buy;1;B:13% N:18% Bu:24% S:44%;0,85;100;1.5:1;Señal máxima;165,13;0,95;0,16;0,052;EXCELENTE;3,2;11;102,5;Alta;Mod;Bullish;Damped;Fresco (60);85;buy
VIST;Energy;Oil & Gas E&P;15/09/2026;15/09/2026;77,42;80,56;83,7;72,71;17/09/2026;72,71;-0,0608;LOSS;;;;;;;;;;Local Max;-0,0102;-0,1727;0,001;0,1771;Evitar;76,6;Strong/Strong Buy;1;B:8% N:14% Bu:23% S:55%;0,94;96;1.5:1;Señal máxima;85,04;0,95;0,212;0,086;EXCELENTE;10,5;10;36,7;Alta;Mod;Bullish;Unstable;Maduro (50);45;avoid
DVN;Energy;Oil & Gas E&P;15/09/2026;15/09/2026;50,94;52,25;53,56;48,97;16/09/2026;48,97;-0,0387;LOSS;;;;;;;;;;Flat;-0,0028;-0,2017;0,0006;0,2017;Neutral;73,08;Strong/Strong Buy;1;B:11% N:16% Bu:24% S:48%;0,85;81;1.5:1;Señal máxima;55,49;0,95;0,165;0,079;EXCELENTE;-7,8;5,9;112,6;Alta;Bajo;Bullish;Damped;Maduro (45);95;buy
XOM;Energy;Oil & Gas Integrated;15/09/2026;15/09/2026;168,2;171,94;175,68;162,59;16/09/2026;162,58;-0,0334;LOSS;;;;;;;;;;Flat;-0,011;0,0779;-0,0009;0,0787;Neutral;70,21;Strong/Strong Buy;1;B:14% N:18% Bu:25% S:42%;0,82;71;1.5:1;Señal máxima;181,31;0,9297;0,12;0,049;BUENO;-6,7;5,5;105,1;Alta;Mod;Bullish;Damped;Temprano (75);85;buy
COP;Energy;Oil & Gas E&P;15/09/2026;15/09/2026;140,24;143,5;146,76;135,35;16/09/2026;135,35;-0,0349;LOSS;;;;;;;;;;Flat;-0,0012;-0,0085;0;0,0086;Neutral;72,33;Strong/Strong Buy;1;B:12% N:17% Bu:24% S:46%;0,88;71;1.5:1;Señal máxima;148,44;0,9295;0,123;0,107;BUENO;-5,1;7,5;99,4;Alta;Bajo;Bullish;Unstable;Extendido (10);55;hold
BP;Energy;Oil & Gas Integrated;15/09/2026;15/09/2026;46,66;47,67;48,68;45,14;17/09/2026;45,14;-0,0326;LOSS;;;;;;;;;;Flat;0,0144;0,0029;0;0,0147;Neutral;73,08;Strong/Strong Buy;1;B:11% N:16% Bu:24% S:48%;0,88;66;1.5:1;Señal activa;50,43;0,9306;0,118;0,096;BUENO;-10,4;5;140,1;Alta;Bajo;Bullish;Unstable;Tardio (35);45;avoid
DGX;Healthcare;Diagnostics & Research;15/09/2026;15/09/2026;245,38;251,05;256,72;236,88;22/09/2026;236,89;-0,0346;LOSS;;;;;;;;;;Saddle;-0,02;0,0685;-0,0015;0,0729;Esperar;73,77;Strong/Strong Buy;1;B:11% N:16% Bu:24% S:49%;0,86;60;1.5:1;Señal activa;264,46;0,8933;0,122;0,049;REGULAR;19,9;6,4;13,5;Alta;Mod;Bullish;Damped;Temprano (90);85;buy
PBR;Energy;Oil & Gas Integrated;16/09/2026;17/09/2026;20,72;21,35;21,98;19,77;;20,93;0,0101;PARCIAL TP1;;;;;;;;;;Local Min;0,0478;0,1511;0,0053;0,1703;Comprar;76,6;Strong/Strong Buy;1;B:8% N:14% Bu:23% S:55%;0,94;100;1.5:1;Señal máxima;22,56;0,95;0,179;0,184;EXCELENTE;11;10,1;96,8;Alta;Mod;Bullish;Oscillating;Tardio (35);65;buy
DVN;Energy;Oil & Gas E&P;16/09/2026;17/09/2026;48;49,45;50,9;45,83;29/09/2026;45,83;-0,0452;LOSS;;;;;;;;;;Local Max;-0,0161;-0,2474;0,0038;0,2485;Evitar;73,08;Strong/Strong Buy;1;B:11% N:16% Bu:24% S:48%;0,89;81;1.5:1;Señal máxima;52,22;0,95;0,179;0,019;EXCELENTE;-7,8;5,9;112,6;Alta;Bajo;Bullish;Oscillating;Temprano (85);65;buy
COP;Energy;Oil & Gas E&P;16/09/2026;17/09/2026;131,44;135,1;138,76;125,95;22/09/2026;125,95;-0,0418;LOSS;;;;;;;;;;Saddle;-0,0211;0,1422;-0,0032;0,1449;Esperar;76,6;Strong/Strong Buy;1;B:8% N:14% Bu:23% S:55%;0,91;71;1.5:1;Señal máxima;142,09;0,9199;0,137;0,022;BUENO;-5,1;7,5;99,4;Alta;Bajo;Bullish;Oscillating;Temprano (85);65;buy
A;Healthcare;Diagnostics & Research;16/09/2026;16/09/2026;152,38;156,73;161,08;145,85;21/09/2026;161,08;0,0571;WIN;;;;;;;;;;Saddle;-0,0186;0,1309;-0,0024;0,1322;Esperar;73,08;Strong/Strong Buy;1;B:11% N:16% Bu:24% S:48%;0,91;69;1.5:1;Señal activa;164,88;0,939;0,139;0,035;BUENO;26,3;8,6;7,7;Aceptable;Mod;Bullish;Oscillating;Temprano (90);65;buy
ANET;Technology;Computer Hardware;17/09/2026;17/09/2026;196,99;205,47;213,95;184,27;;204,3;0,0371;PARCIAL TP1;;;;;;;;;;Flat;-0,0007;-0,0745;0;0,0747;Neutral;75,88;Strong/Strong Buy;1;B:9% N:14% Bu:24% S:53%;0,93;80;1.5:1;Señal máxima;211,2;0,9459;0,148;0,07;EXCELENTE;10,8;14,1;36,5;Alta;Mod;Bullish;Damped;Temprano (75);85;buy
CF;Basic Materials;Agricultural Inputs;17/09/2026;17/09/2026;132,2;137,59;142,98;124,11;21/09/2026;124,11;-0,0612;LOSS;;;;;;;;;;Saddle;0,0448;-0,053;-0,0032;0,0799;Esperar;75,88;Strong/Strong Buy;1;B:9% N:14% Bu:24% S:53%;0,94;100;1.5:1;Señal máxima;143,86;0,95;0,212;0,124;EXCELENTE;17,9;12,9;88,3;Alta;Mod;Bullish;Oscillating;Fresco (65);65;buy
SM;Energy;Oil & Gas E&P;17/09/2026;18/09/2026;36,5;38,08;39,66;34,13;22/09/2026;34,13;-0,0649;LOSS;;;;;;;;;;Saddle;-0,0161;0,2506;-0,0042;0,2519;Esperar;76,6;Strong/Strong Buy;1;B:8% N:14% Bu:23% S:55%;0,91;91;1.5:1;Señal máxima;39,82;0,95;0,22;0,029;EXCELENTE;-3,2;6,9;430,2;Alta;Mod;Bullish;Oscillating;Temprano (85);65;buy
DVN;Energy;Oil & Gas E&P;17/09/2026;17/09/2026;48,29;49,71;51,13;46,16;29/09/2026;46,16;-0,0441;LOSS;;;;;;;;;;Local Max;-0,014;-0,2682;0,0035;0,2698;Evitar;73,08;Strong/Strong Buy;1;B:11% N:16% Bu:24% S:48%;0,89;81;1.5:1;Señal máxima;52,22;0,95;0,176;0,018;EXCELENTE;-7,8;5,9;112,6;Alta;Bajo;Bullish;Oscillating;Temprano (85);65;buy
A;Healthcare;Diagnostics & Research;17/09/2026;17/09/2026;155,06;159,33;163,6;148,66;22/09/2026;163,6;0,0551;WIN;;;;;;;;;;Local Max;-0,0366;-0,1592;0,0058;0,1634;Evitar;73,77;Strong/Strong Buy;1;B:11% N:16% Bu:24% S:49%;0,91;69;1.5:1;Señal activa;167,84;0,9442;0,136;0,006;BUENO;26,3;8,6;7,7;Aceptable;Mod;Bullish;Unstable;Temprano (90);45;avoid
FFIV;Technology;Software - Infrastructure;17/09/2026;17/09/2026;430,4;444,46;458,52;409,31;23/09/2026;458,51;0,0653;WIN;;;;;;;;;;Local Min;0,0436;0,1886;0,0045;0,2121;Comprar;73,08;Strong/Strong Buy;1;B:11% N:16% Bu:24% S:48%;0,89;64;1.5:1;Señal activa;467,52;0,9345;0,117;0,136;REGULAR;-0,9;8;9,6;Aceptable;Mod;Bullish;Oscillating;Maduro (40);75;buy
DGX;Healthcare;Diagnostics & Research;17/09/2026;18/09/2026;245,85;251,19;256,53;237,84;22/09/2026;237,84;-0,0326;LOSS;;;;;;;;;;Saddle;-0,0303;0,1482;-0,0051;0,1551;Esperar;73,77;Strong/Strong Buy;1;B:11% N:16% Bu:24% S:49%;0,72;60;1.5:1;Señal activa;264,88;0,8956;0,118;0,024;REGULAR;19,9;6,4;13,5;Alta;Mod;Bullish;Unstable;Temprano (90);45;avoid
ANET;Technology;Computer Hardware;18/09/2026;18/09/2026;196,91;205,19;213,47;184,49;;204,29;0,0375;PARCIAL TP1;;;;;;;;;;Local Min;0,0089;0,264;0,0016;0,267;Comprar;75,88;Strong/Strong Buy;1;B:9% N:14% Bu:24% S:53%;0,93;80;1.5:1;Señal máxima;211,12;0,9492;0,145;0,085;EXCELENTE;10,8;14,1;36,5;Alta;Mod;Bullish;Oscillating;Fresco (65);65;buy
PBYI;Healthcare;Biotechnology;18/09/2026;18/09/2026;9,49;9,84;10,19;8,96;;9,96;0,049;PARCIAL TP1;;;;;;;;;;Local Max;-0,0204;-0,1029;0,0019;0,1067;Evitar;73,08;Strong/Strong Buy;1;B:11% N:16% Bu:24% S:48%;0,93;86;1.5:1;Señal máxima;10,3;0,95;0,165;0,054;EXCELENTE;27,3;9,8;39,9;Alta;Mod;Bullish;Damped;Fresco (60);85;buy
MU;Technology;Semiconductors;18/09/2026;18/09/2026;1001,02;1050,28;1099,54;927,13;23/09/2026;1099,52;0,0984;WIN;;;;;;;;;;Local Min;0,0074;0,3057;0,002;0,3066;Comprar;70,91;Strong/Strong Buy;1;B:13% N:18% Bu:24% S:44%;0,89;84;1.5:1;Señal máxima;1095,09;0,95;0,203;0,043;EXCELENTE;45,9;34,9;14;Alta;Bajo;Bullish;Damped;Temprano (75);85;buy
CNXN;Technology;Electronics & Computer Distribution;18/09/2026;18/09/2026;85,96;88,35;90,74;82,38;;90,51;0,0529;PARCIAL TP1;;;;;;;;;;Local Min;0,033;0,2655;0,0081;0,2701;Comprar;76,6;Strong/Strong Buy;1;B:8% N:14% Bu:23% S:55%;0,88;71;1.5:1;Señal máxima;93,42;0,95;0,137;0,113;BUENO;-10,3;5,7;33,8;Alta;Bajo;Bullish;Unstable;Maduro (50);45;avoid
A;Healthcare;Diagnostics & Research;18/09/2026;18/09/2026;155,23;159,35;163,47;149,05;22/09/2026;163,47;0,0531;WIN;;;;;;;;;;Saddle;-0,0275;0,0866;-0,0025;0,0919;Esperar;73,77;Strong/Strong Buy;1;B:11% N:16% Bu:24% S:49%;0,91;69;1.5:1;Señal activa;168,1;0,9495;0,133;0,001;BUENO;26,3;8,6;7,7;Aceptable;Mod;Bullish;Unstable;Temprano (90);45;avoid
DGX;Healthcare;Diagnostics & Research;18/09/2026;18/09/2026;244,91;250,06;255,21;237,19;22/09/2026;237,2;-0,0315;LOSS;;;;;;;;;;Saddle;-0,0088;0,5303;-0,0051;0,5313;Esperar;73,77;Strong/Strong Buy;1;B:11% N:16% Bu:24% S:49%;0,86;60;1.5:1;Señal activa;264,05;0,9015;0,116;0,021;REGULAR;19,9;6,4;13,5;Alta;Mod;Bullish;Unstable;Temprano (90);45;avoid
EWZ;ETF;Exchange Traded Fund;21/09/2026;21/09/2026;37,83;38,62;39,41;36,64;25/09/2026;36,64;-0,0315;LOSS;;;;;;;;;;;;;;;;;;;;;;;;;;;;;;;;;;;;;;
CNXN;Technology;Electronics & Computer Distribution;22/09/2026;;86,11;88,53;90,95;82,48;;;;ESPERANDO FILL;;;;;;;;;;Local Min;0,045;0,0612;0,0025;0,0794;Comprar;76,6;Strong/Strong Buy;1;B:8% N:14% Bu:23% S:55%;0,94;71;1.5:1;Señal máxima;93,59;0,95;0,138;0,132;BUENO;-10,3;5,7;33,8;Alta;Bajo;Bullish;Unstable;Fresco (65);45;avoid
EMGF;ETF;Exchange Traded Fund;22/09/2026;22/09/2026;73,65;74,74;75,83;72,02;24/09/2026;72,02;-0,0221;LOSS;;;;;;;;;;Saddle;0,0008;-2,2601;-0,0022;2,2603;Esperar;70,21;Strong/Strong Buy;1;B:14% N:18% Bu:25% S:42%;0,73;25;1.5:1;Señal máxima;77,74;0,787;0,129;0,046;DÉBIL;ETF;;;;;Bullish;Damped;Temprano (90);85;buy
DFAE;ETF;Exchange Traded Fund;22/09/2026;22/09/2026;40,35;40,96;41,57;39,44;24/09/2026;39,44;-0,0226;LOSS;;;;;;;;;;Flat;-0,0008;0,3733;-0,0003;0,3733;Neutral;73,08;Strong/Strong Buy;1;B:11% N:16% Bu:24% S:48%;0,73;25;1.5:1;Señal máxima;42,59;0,7864;0,13;0,038;DÉBIL;ETF;;;;;Bullish;Damped;Temprano (100);85;buy
NVDA;Technology;Semiconductors;28/09/2026;29/09/2026;227,05;233,07;239,09;218,02;;230,27;0,0142;ACTIVA;;;;;;;;;;;;;;;;;;;;;;;;;;;;;;;;;;;;;;
SHEL;Energy;Oil & Gas Integrated;28/09/2026;29/09/2026;95,99;97,58;99,17;93,6;;95,12;-0,0091;ACTIVA;;;;;;;;;;Flat;0,0157;-0,0342;-0,0005;0,0378;Neutral;76,6;Strong/Strong Buy;1;B:8% N:14% Bu:23% S:55%;0,94;81;1.5:1;Señal máxima;103,92;0,95;0,135;0,061;EXCELENTE;-5;6,4;200,5;Alta;Mod;Bullish;Oscillating;Temprano (75);65;buy
SHEL;Energy;Oil & Gas Integrated;29/09/2026;;94,66;96,26;97,86;92,26;;;;ESPERANDO FILL;;;;;;;;;;Flat;0,0069;0,0434;0,0003;0,0439;Neutral;76,6;Strong/Strong Buy;1;B:8% N:14% Bu:23% S:55%;0,91;81;1.5:1;Señal máxima;102,03;0,95;0,136;0,04;EXCELENTE;-5;6,4;200,5;Alta;Mod;Bullish;Unstable;Temprano (100);45;avoid
